11:08:38.587 [main] WARN  c.b.config.BrowserStackConfig - Test Observability could not be enabled because framework detected is null. We currently support frameworks testng, cucumber-testng & serenity
11:08:40.890 [main] DEBUG com.browserstack.v2.SdkCliUtils - Giving write permission to C:\Users\GopalSakhiya\.browserstack
11:08:40.891 [main] WARN  com.browserstack.v2.SdkCliUtils - Unable to provide write permission to C:\Users\GopalSakhiya\.browserstack
11:08:40.893 [main] DEBUG com.browserstack.v2.SdkCliUtils - getExistingCliPath: no binary found
11:08:40.893 [main] DEBUG com.browserstack.v2.SdkCliUtils - Current CLI Path Found: 
11:08:44.133 [main] ERROR com.browserstack.v2.SdkCliUtils - Error in setting up cli path directory, Exception: Unexpected token END OF FILE at position 0.
	at browserstack.shaded.org.json.simple.parser.JSONParser.parse(Unknown Source)
	at browserstack.shaded.org.json.simple.parser.JSONParser.parse(Unknown Source)
	at browserstack.shaded.org.json.simple.parser.JSONParser.parse(Unknown Source)
	at com.browserstack.v2.SdkCliUtils.checkAndUpdateCli(Unknown Source)
	at com.browserstack.v2.SdkCliUtils.setupCliPath(Unknown Source)
	at com.browserstack.v2.SdkCLI.<clinit>(Unknown Source)
	at com.browserstack.monitoring.PerformanceTester.measure(Unknown Source)
	at com.browserstack.monitoring.PerformanceTester.end(Unknown Source)
	at com.browserstack.testNgListeners.BrowserstackSuiteListener.a(Unknown Source)
	at com.browserstack.testNgListeners.BrowserstackSuiteListener.onStart(Unknown Source)
	at org.testng.SuiteRunner.invokeListeners(SuiteRunner.java:213)
	at org.testng.SuiteRunner.run(SuiteRunner.java:274)
	at org.testng.SuiteRunnerWorker.runSuite(SuiteRunnerWorker.java:53)
	at org.testng.SuiteRunnerWorker.run(SuiteRunnerWorker.java:96)
	at org.testng.TestNG.runSuitesSequentially(TestNG.java:1212)
	at org.testng.TestNG.runSuitesLocally(TestNG.java:1134)
	at org.testng.TestNG.runSuites(TestNG.java:1063)
	at org.testng.TestNG.run(TestNG.java:1031)
	at org.testng.remote.AbstractRemoteTestNG.run(AbstractRemoteTestNG.java:115)
	at org.testng.remote.RemoteTestNG.initAndRun(RemoteTestNG.java:293)
	at org.testng.remote.RemoteTestNG.main(RemoteTestNG.java:91)

11:21:08.902 [main] WARN  c.b.config.BrowserStackConfig - Test Observability could not be enabled because framework detected is null. We currently support frameworks testng, cucumber-testng & serenity
11:21:10.119 [main] DEBUG com.browserstack.v2.SdkCliUtils - File C:\Users\GopalSakhiya\.browserstack already exist
11:21:10.120 [main] DEBUG com.browserstack.v2.SdkCliUtils - getExistingCliPath: no binary found
11:21:10.121 [main] DEBUG com.browserstack.v2.SdkCliUtils - Current CLI Path Found: 
11:21:11.133 [main] ERROR com.browserstack.v2.SdkCliUtils - Error in setting up cli path directory, Exception: Unexpected token END OF FILE at position 0.
	at browserstack.shaded.org.json.simple.parser.JSONParser.parse(Unknown Source)
	at browserstack.shaded.org.json.simple.parser.JSONParser.parse(Unknown Source)
	at browserstack.shaded.org.json.simple.parser.JSONParser.parse(Unknown Source)
	at com.browserstack.v2.SdkCliUtils.checkAndUpdateCli(Unknown Source)
	at com.browserstack.v2.SdkCliUtils.setupCliPath(Unknown Source)
	at com.browserstack.v2.SdkCLI.<clinit>(Unknown Source)
	at com.browserstack.monitoring.PerformanceTester.measure(Unknown Source)
	at com.browserstack.monitoring.PerformanceTester.end(Unknown Source)
	at com.browserstack.testNgListeners.BrowserstackSuiteListener.a(Unknown Source)
	at com.browserstack.testNgListeners.BrowserstackSuiteListener.onStart(Unknown Source)
	at org.testng.SuiteRunner.invokeListeners(SuiteRunner.java:213)
	at org.testng.SuiteRunner.run(SuiteRunner.java:274)
	at org.testng.SuiteRunnerWorker.runSuite(SuiteRunnerWorker.java:53)
	at org.testng.SuiteRunnerWorker.run(SuiteRunnerWorker.java:96)
	at org.testng.TestNG.runSuitesSequentially(TestNG.java:1212)
	at org.testng.TestNG.runSuitesLocally(TestNG.java:1134)
	at org.testng.TestNG.runSuites(TestNG.java:1063)
	at org.testng.TestNG.run(TestNG.java:1031)
	at org.testng.remote.AbstractRemoteTestNG.run(AbstractRemoteTestNG.java:115)
	at org.testng.remote.RemoteTestNG.initAndRun(RemoteTestNG.java:293)
	at org.testng.remote.RemoteTestNG.main(RemoteTestNG.java:91)

11:21:11.155 [main] DEBUG c.b.monitoring.PerformanceTester - Failed to append key metrics to file D:\gopal\workspace\Location Tool Automation\log\key-metrics.json
16:07:35.747 [main] WARN  c.b.config.BrowserStackConfig - Test Observability could not be enabled because framework detected is null. We currently support frameworks testng, cucumber-testng & serenity
16:07:37.187 [main] DEBUG com.browserstack.v2.SdkCliUtils - File C:\Users\GopalSakhiya\.browserstack already exist
16:07:37.189 [main] DEBUG com.browserstack.v2.SdkCliUtils - getExistingCliPath: no binary found
16:07:37.189 [main] DEBUG com.browserstack.v2.SdkCliUtils - Current CLI Path Found: 
16:07:38.621 [main] ERROR com.browserstack.v2.SdkCliUtils - Error in setting up cli path directory, Exception: Unexpected token END OF FILE at position 0.
	at browserstack.shaded.org.json.simple.parser.JSONParser.parse(Unknown Source)
	at browserstack.shaded.org.json.simple.parser.JSONParser.parse(Unknown Source)
	at browserstack.shaded.org.json.simple.parser.JSONParser.parse(Unknown Source)
	at com.browserstack.v2.SdkCliUtils.checkAndUpdateCli(Unknown Source)
	at com.browserstack.v2.SdkCliUtils.setupCliPath(Unknown Source)
	at com.browserstack.v2.SdkCLI.<clinit>(Unknown Source)
	at com.browserstack.monitoring.PerformanceTester.measure(Unknown Source)
	at com.browserstack.monitoring.PerformanceTester.end(Unknown Source)
	at com.browserstack.testNgListeners.BrowserstackSuiteListener.a(Unknown Source)
	at com.browserstack.testNgListeners.BrowserstackSuiteListener.onStart(Unknown Source)
	at org.testng.SuiteRunner.invokeListeners(SuiteRunner.java:213)
	at org.testng.SuiteRunner.run(SuiteRunner.java:274)
	at org.testng.SuiteRunnerWorker.runSuite(SuiteRunnerWorker.java:53)
	at org.testng.SuiteRunnerWorker.run(SuiteRunnerWorker.java:96)
	at org.testng.TestNG.runSuitesSequentially(TestNG.java:1212)
	at org.testng.TestNG.runSuitesLocally(TestNG.java:1134)
	at org.testng.TestNG.runSuites(TestNG.java:1063)
	at org.testng.TestNG.run(TestNG.java:1031)
	at org.testng.remote.AbstractRemoteTestNG.run(AbstractRemoteTestNG.java:115)
	at org.testng.remote.RemoteTestNG.initAndRun(RemoteTestNG.java:293)
	at org.testng.remote.RemoteTestNG.main(RemoteTestNG.java:91)

16:07:38.637 [main] DEBUG c.b.monitoring.PerformanceTester - Failed to append key metrics to file D:\gopal\workspace\Location Tool Automation\log\key-metrics.json
10:47:52.503 [main] TRACE c.b.config.BrowserStackConfig - isGaugeTestOpsSession called with testObservabilityExplicit: false, framework: null, returning: false
10:47:52.506 [main] WARN  c.b.config.BrowserStackConfig - Test Observability could not be enabled because framework detected is null. We currently support frameworks testng, cucumber-testng & serenity
10:47:53.321 [main] DEBUG com.browserstack.v2.SdkCliUtils - File C:\Users\GopalSakhiya\.browserstack already exist
10:47:53.325 [main] DEBUG com.browserstack.v2.SdkCliUtils - getExistingCliPath: no binary found
10:47:53.325 [main] DEBUG com.browserstack.v2.SdkCliUtils - Current CLI Path Found: 
10:47:57.932 [main] ERROR com.browserstack.v2.SdkCliUtils - Error in setting up cli path directory, Exception: Unexpected token END OF FILE at position 0.
	at browserstack.shaded.org.json.simple.parser.JSONParser.parse(Unknown Source)
	at browserstack.shaded.org.json.simple.parser.JSONParser.parse(Unknown Source)
	at browserstack.shaded.org.json.simple.parser.JSONParser.parse(Unknown Source)
	at com.browserstack.v2.SdkCliUtils.checkAndUpdateCli(Unknown Source)
	at com.browserstack.v2.SdkCliUtils.setupCliPath(Unknown Source)
	at com.browserstack.v2.SdkCLI.<clinit>(Unknown Source)
	at com.browserstack.monitoring.PerformanceTester.measure(Unknown Source)
	at com.browserstack.monitoring.PerformanceTester.end(Unknown Source)
	at com.browserstack.testNgListeners.BrowserstackSuiteListener.a(Unknown Source)
	at com.browserstack.testNgListeners.BrowserstackSuiteListener.onStart(Unknown Source)
	at org.testng.SuiteRunner.invokeListeners(SuiteRunner.java:213)
	at org.testng.SuiteRunner.run(SuiteRunner.java:274)
	at org.testng.SuiteRunnerWorker.runSuite(SuiteRunnerWorker.java:53)
	at org.testng.SuiteRunnerWorker.run(SuiteRunnerWorker.java:96)
	at org.testng.TestNG.runSuitesSequentially(TestNG.java:1212)
	at org.testng.TestNG.runSuitesLocally(TestNG.java:1134)
	at org.testng.TestNG.runSuites(TestNG.java:1063)
	at org.testng.TestNG.run(TestNG.java:1031)
	at org.testng.remote.AbstractRemoteTestNG.run(AbstractRemoteTestNG.java:115)
	at org.testng.remote.RemoteTestNG.initAndRun(RemoteTestNG.java:293)
	at org.testng.remote.RemoteTestNG.main(RemoteTestNG.java:91)

10:47:57.960 [main] DEBUG c.b.monitoring.PerformanceTester - Failed to append key metrics to file D:\gopal\workspace\Location Tool Automation\log\key-metrics.json
10:47:58.080 [main] DEBUG c.browserstack.utils.CurrentTestMap - Searching for Test Run ID for Thread: 1
10:47:58.081 [main] TRACE c.b.config.BrowserStackConfig - isGaugeTestOpsSession called with testObservabilityExplicit: false, framework: null, returning: false
10:51:24.731 [main] DEBUG c.browserstack.utils.CurrentTestMap - Searching for Test Run ID for Thread: 1
10:51:24.731 [main] TRACE c.b.config.BrowserStackConfig - isGaugeTestOpsSession called with testObservabilityExplicit: false, framework: null, returning: false
10:51:24.731 [main] DEBUG c.browserstack.utils.CurrentTestMap - Searching for Test Run ID for Thread: 1
10:51:24.731 [main] TRACE c.b.config.BrowserStackConfig - isGaugeTestOpsSession called with testObservabilityExplicit: false, framework: null, returning: false
10:51:24.731 [main] DEBUG c.browserstack.utils.CurrentTestMap - Searching for Test Run ID for Thread: 1
10:51:24.731 [main] TRACE c.b.config.BrowserStackConfig - isGaugeTestOpsSession called with testObservabilityExplicit: false, framework: null, returning: false
10:51:24.733 [main] DEBUG c.browserstack.utils.CurrentTestMap - Searching for Test Run ID for Thread: 1
10:51:24.733 [main] TRACE c.b.config.BrowserStackConfig - isGaugeTestOpsSession called with testObservabilityExplicit: false, framework: null, returning: false
10:51:24.733 [main] DEBUG c.browserstack.utils.CurrentTestMap - Searching for Test Run ID for Thread: 1
10:51:24.733 [main] TRACE c.b.config.BrowserStackConfig - isGaugeTestOpsSession called with testObservabilityExplicit: false, framework: null, returning: false
10:51:24.737 [main] DEBUG c.browserstack.utils.CurrentTestMap - Searching for Test Run ID for Thread: 1
10:51:24.737 [main] TRACE c.b.config.BrowserStackConfig - isGaugeTestOpsSession called with testObservabilityExplicit: false, framework: null, returning: false
10:51:24.737 [main] DEBUG c.browserstack.utils.CurrentTestMap - Searching for Test Run ID for Thread: 1
10:51:24.737 [main] TRACE c.b.config.BrowserStackConfig - isGaugeTestOpsSession called with testObservabilityExplicit: false, framework: null, returning: false
10:51:24.741 [main] DEBUG c.browserstack.utils.CurrentTestMap - Searching for Test Run ID for Thread: 1
10:51:24.741 [main] TRACE c.b.config.BrowserStackConfig - isGaugeTestOpsSession called with testObservabilityExplicit: false, framework: null, returning: false
10:51:24.741 [main] DEBUG c.browserstack.utils.CurrentTestMap - Searching for Test Run ID for Thread: 1
10:51:24.741 [main] TRACE c.b.config.BrowserStackConfig - isGaugeTestOpsSession called with testObservabilityExplicit: false, framework: null, returning: false
10:51:24.741 [main] DEBUG c.browserstack.utils.CurrentTestMap - Searching for Test Run ID for Thread: 1
10:51:24.741 [main] TRACE c.b.config.BrowserStackConfig - isGaugeTestOpsSession called with testObservabilityExplicit: false, framework: null, returning: false
10:51:24.741 [main] DEBUG c.browserstack.utils.CurrentTestMap - Searching for Test Run ID for Thread: 1
10:51:24.741 [main] TRACE c.b.config.BrowserStackConfig - isGaugeTestOpsSession called with testObservabilityExplicit: false, framework: null, returning: false
10:51:24.741 [main] DEBUG c.browserstack.utils.CurrentTestMap - Searching for Test Run ID for Thread: 1
10:51:24.745 [main] TRACE c.b.config.BrowserStackConfig - isGaugeTestOpsSession called with testObservabilityExplicit: false, framework: null, returning: false
10:51:24.746 [main] DEBUG c.browserstack.utils.CurrentTestMap - Searching for Test Run ID for Thread: 1
10:51:24.748 [main] TRACE c.b.config.BrowserStackConfig - isGaugeTestOpsSession called with testObservabilityExplicit: false, framework: null, returning: false
10:51:24.748 [main] DEBUG c.browserstack.utils.CurrentTestMap - Searching for Test Run ID for Thread: 1
10:51:24.748 [main] TRACE c.b.config.BrowserStackConfig - isGaugeTestOpsSession called with testObservabilityExplicit: false, framework: null, returning: false
10:51:24.748 [main] DEBUG c.browserstack.utils.CurrentTestMap - Searching for Test Run ID for Thread: 1
10:51:24.748 [main] TRACE c.b.config.BrowserStackConfig - isGaugeTestOpsSession called with testObservabilityExplicit: false, framework: null, returning: false
10:51:24.748 [main] TRACE c.b.config.BrowserStackConfig - isGaugeTestOpsSession called with testObservabilityExplicit: false, framework: null, returning: false
10:51:24.748 [main] DEBUG c.b.utils.FunnelInstrumentation - Error in getting Product:
java.lang.NullPointerException: Cannot invoke "String.equalsIgnoreCase(String)" because the return value of "com.browserstack.config.BrowserStackConfig.getFramework()" is null
	at com.browserstack.utils.FunnelInstrumentation.a(Unknown Source)
	at java.base/java.util.stream.MatchOps$1MatchSink.accept(MatchOps.java:90)
	at java.base/java.util.Spliterators$ArraySpliterator.tryAdvance(Spliterators.java:1034)
	at java.base/java.util.stream.ReferencePipeline.forEachWithCancel(ReferencePipeline.java:144)
	at java.base/java.util.stream.AbstractPipeline.copyIntoWithCancel(AbstractPipeline.java:574)
	at java.base/java.util.stream.AbstractPipeline.copyInto(AbstractPipeline.java:560)
	at java.base/java.util.stream.AbstractPipeline.wrapAndCopyInto(AbstractPipeline.java:546)
	at java.base/java.util.stream.MatchOps$MatchOp.evaluateSequential(MatchOps.java:230)
	at java.base/java.util.stream.MatchOps$MatchOp.evaluateSequential(MatchOps.java:196)
	at java.base/java.util.stream.AbstractPipeline.evaluate(AbstractPipeline.java:265)
	at java.base/java.util.stream.ReferencePipeline.anyMatch(ReferencePipeline.java:647)
	at com.browserstack.utils.FunnelInstrumentation.getProducts(Unknown Source)
	at com.browserstack.utils.FunnelInstrumentation.createParamsForEvent(Unknown Source)
	at com.browserstack.utils.FunnelInstrumentation.sendSDKEvent(Unknown Source)
	at com.browserstack.testNgListeners.TmpSuiteListener.onFinish(Unknown Source)
	at org.testng.TestRunner.fireEvent(TestRunner.java:923)
	at org.testng.TestRunner.afterRun(TestRunner.java:887)
	at org.testng.TestRunner.run(TestRunner.java:599)
	at org.testng.SuiteRunner.runTest(SuiteRunner.java:377)
	at org.testng.SuiteRunner.runSequentially(SuiteRunner.java:371)
	at org.testng.SuiteRunner.privateRun(SuiteRunner.java:332)
	at org.testng.SuiteRunner.run(SuiteRunner.java:276)
	at org.testng.SuiteRunnerWorker.runSuite(SuiteRunnerWorker.java:53)
	at org.testng.SuiteRunnerWorker.run(SuiteRunnerWorker.java:96)
	at org.testng.TestNG.runSuitesSequentially(TestNG.java:1212)
	at org.testng.TestNG.runSuitesLocally(TestNG.java:1134)
	at org.testng.TestNG.runSuites(TestNG.java:1063)
	at org.testng.TestNG.run(TestNG.java:1031)
	at org.testng.remote.AbstractRemoteTestNG.run(AbstractRemoteTestNG.java:115)
	at org.testng.remote.RemoteTestNG.initAndRun(RemoteTestNG.java:293)
	at org.testng.remote.RemoteTestNG.main(RemoteTestNG.java:91)
10:51:24.748 [main] TRACE c.b.config.BrowserStackConfig - isGaugeTestOpsSession called with testObservabilityExplicit: false, framework: null, returning: false
10:51:24.764 [main] DEBUG c.b.utils.FrameworkDetectionUtils - Couldn't find dependency class: appium
10:51:24.846 [main] DEBUG com.browserstack.testOps.UsageStats - getFormattedData: Collecting data for TestObservability
10:51:24.846 [main] TRACE c.b.config.BrowserStackConfig - isGaugeTestOpsSession called with testObservabilityExplicit: false, framework: null, returning: false
10:51:24.903 [main] TRACE c.b.t.TestOrchestrationUtils - getInstrumentationData: invoked
10:51:24.921 [main] DEBUG c.b.utils.FunnelInstrumentation - Sending funnel data for SDKTestSuccessful with data: {"event_type":"SDKTestSuccessful","accessKey":"[REDACTED]","userName":"[REDACTED]","event_properties":{"isPercyAutoEnabled":false,"language":"java","sdkRunId":"83fb6660-2c9e-49bd-afe9-90efe1a63511","buildIdentifier":"unknown","testhub_uuid":"","detectedAppiumVersion":"null","productMap":{"app_automate":false,"accessibility":null,"automate":true,"percy":false,"observability":false,"turboscale":false},"hostname":"DESKTOP-QVD64FI","measures":{"sdk:pre-test":0.0493999719619751},"productUsage":{"testObservability":{"buildHashedId":"","manuallySet":false,"enabled":false}},"browserStackConfig":{"browserstackLocal":null,"percy":false,"logLevel":"info","staticWebDriver":true,"autoDetectFramework":true,"percyCaptureMode":"AUTO","browserStackLocalOptions":null,"percyOptions":null,"testContextOptions":{"skipSessionName":false,"skipSessionStatus":false,"serenityOverridePlugin":false},"platforms":null,"parallelsPerPlatform":null,"framework":null,"accessibility":false,"accessibilityOptions":{},"turboScaleOptions":{},"disableAutoCaptureLogs":true,"testObservability":true,"browserstackAutomation":true,"turboScale":false,"testObservabilityOptions":{},"gradleMConfig":null,"proxySettings":null},"automationFrameworkVersion":null,"percyBuildId":null,"product":"[automate]","buildName":"unknown","os":"Windows 11","languageVersion":"22.0.1","appiumVersion":"null","frameworkDetectionInstrumentation":{},"detectedDependencies":"","referrer":"unknown","locationTrigger":"onFinish","accessibilityConfiguration":{"pollingTimeout":30},"language_framework":"unknown","testOrchestration":{"abortBuildOnFailure":{"enabled":false},"retryTestsOnFailure":{"enabled":false},"userConfig":{}},"detectedSeleniumVersion":"4.27.0","automationFramework":"selenium","seleniumVersion":"null"}}
10:51:32.607 [main] DEBUG c.b.utils.FunnelInstrumentation - API Event SDKTestSuccessful, response: {"message":"Unauthorized"}
10:51:32.613 [main] DEBUG c.b.monitoring.PerformanceTester - Failed to append key metrics to file D:\gopal\workspace\Location Tool Automation\log\key-metrics.json
10:51:32.617 [main] DEBUG c.browserstack.utils.CurrentTestMap - Searching for Test Run ID for Thread: 1
10:51:32.617 [main] TRACE c.b.config.BrowserStackConfig - isGaugeTestOpsSession called with testObservabilityExplicit: false, framework: null, returning: false
12:21:41.811 [main] TRACE c.b.config.BrowserStackConfig - isGaugeTestOpsSession called with testObservabilityExplicit: false, framework: null, returning: false
12:21:41.814 [main] WARN  c.b.config.BrowserStackConfig - Test Observability could not be enabled because framework detected is null. We currently support frameworks testng, cucumber-testng & serenity
12:21:42.329 [main] DEBUG com.browserstack.v2.SdkCliUtils - File C:\Users\GopalSakhiya\.browserstack already exist
12:21:42.332 [main] DEBUG com.browserstack.v2.SdkCliUtils - getExistingCliPath: no binary found
12:21:42.332 [main] DEBUG com.browserstack.v2.SdkCliUtils - Current CLI Path Found: 
12:21:44.622 [main] ERROR com.browserstack.v2.SdkCliUtils - Error in setting up cli path directory, Exception: Unexpected token END OF FILE at position 0.
	at browserstack.shaded.org.json.simple.parser.JSONParser.parse(Unknown Source)
	at browserstack.shaded.org.json.simple.parser.JSONParser.parse(Unknown Source)
	at browserstack.shaded.org.json.simple.parser.JSONParser.parse(Unknown Source)
	at com.browserstack.v2.SdkCliUtils.checkAndUpdateCli(Unknown Source)
	at com.browserstack.v2.SdkCliUtils.setupCliPath(Unknown Source)
	at com.browserstack.v2.SdkCLI.<clinit>(Unknown Source)
	at com.browserstack.monitoring.PerformanceTester.measure(Unknown Source)
	at com.browserstack.monitoring.PerformanceTester.end(Unknown Source)
	at com.browserstack.testNgListeners.BrowserstackSuiteListener.a(Unknown Source)
	at com.browserstack.testNgListeners.BrowserstackSuiteListener.onStart(Unknown Source)
	at org.testng.SuiteRunner.invokeListeners(SuiteRunner.java:213)
	at org.testng.SuiteRunner.run(SuiteRunner.java:274)
	at org.testng.SuiteRunnerWorker.runSuite(SuiteRunnerWorker.java:53)
	at org.testng.SuiteRunnerWorker.run(SuiteRunnerWorker.java:96)
	at org.testng.TestNG.runSuitesSequentially(TestNG.java:1212)
	at org.testng.TestNG.runSuitesLocally(TestNG.java:1134)
	at org.testng.TestNG.runSuites(TestNG.java:1063)
	at org.testng.TestNG.run(TestNG.java:1031)
	at org.testng.remote.AbstractRemoteTestNG.run(AbstractRemoteTestNG.java:115)
	at org.testng.remote.RemoteTestNG.initAndRun(RemoteTestNG.java:293)
	at org.testng.remote.RemoteTestNG.main(RemoteTestNG.java:91)

12:21:44.635 [main] DEBUG c.b.monitoring.PerformanceTester - Failed to append key metrics to file D:\gopal\workspace\Location Tool Automation\log\key-metrics.json
12:21:44.694 [main] DEBUG c.browserstack.utils.CurrentTestMap - Searching for Test Run ID for Thread: 1
12:21:44.694 [main] TRACE c.b.config.BrowserStackConfig - isGaugeTestOpsSession called with testObservabilityExplicit: false, framework: null, returning: false
12:25:32.173 [main] DEBUG c.browserstack.utils.CurrentTestMap - Searching for Test Run ID for Thread: 1
12:25:32.174 [main] TRACE c.b.config.BrowserStackConfig - isGaugeTestOpsSession called with testObservabilityExplicit: false, framework: null, returning: false
12:25:32.174 [main] DEBUG c.browserstack.utils.CurrentTestMap - Searching for Test Run ID for Thread: 1
12:25:32.174 [main] TRACE c.b.config.BrowserStackConfig - isGaugeTestOpsSession called with testObservabilityExplicit: false, framework: null, returning: false
12:25:32.175 [main] DEBUG c.browserstack.utils.CurrentTestMap - Searching for Test Run ID for Thread: 1
12:25:32.175 [main] TRACE c.b.config.BrowserStackConfig - isGaugeTestOpsSession called with testObservabilityExplicit: false, framework: null, returning: false
12:25:32.176 [main] DEBUG c.browserstack.utils.CurrentTestMap - Searching for Test Run ID for Thread: 1
12:25:32.176 [main] TRACE c.b.config.BrowserStackConfig - isGaugeTestOpsSession called with testObservabilityExplicit: false, framework: null, returning: false
12:25:32.176 [main] DEBUG c.browserstack.utils.CurrentTestMap - Searching for Test Run ID for Thread: 1
12:25:32.176 [main] TRACE c.b.config.BrowserStackConfig - isGaugeTestOpsSession called with testObservabilityExplicit: false, framework: null, returning: false
12:25:32.179 [main] DEBUG c.browserstack.utils.CurrentTestMap - Searching for Test Run ID for Thread: 1
12:25:32.181 [main] TRACE c.b.config.BrowserStackConfig - isGaugeTestOpsSession called with testObservabilityExplicit: false, framework: null, returning: false
12:25:32.182 [main] DEBUG c.browserstack.utils.CurrentTestMap - Searching for Test Run ID for Thread: 1
12:25:32.182 [main] TRACE c.b.config.BrowserStackConfig - isGaugeTestOpsSession called with testObservabilityExplicit: false, framework: null, returning: false
12:25:32.182 [main] DEBUG c.browserstack.utils.CurrentTestMap - Searching for Test Run ID for Thread: 1
12:25:32.182 [main] TRACE c.b.config.BrowserStackConfig - isGaugeTestOpsSession called with testObservabilityExplicit: false, framework: null, returning: false
12:25:32.184 [main] DEBUG c.browserstack.utils.CurrentTestMap - Searching for Test Run ID for Thread: 1
12:25:32.184 [main] TRACE c.b.config.BrowserStackConfig - isGaugeTestOpsSession called with testObservabilityExplicit: false, framework: null, returning: false
12:25:32.187 [main] DEBUG c.browserstack.utils.CurrentTestMap - Searching for Test Run ID for Thread: 1
12:25:32.187 [main] TRACE c.b.config.BrowserStackConfig - isGaugeTestOpsSession called with testObservabilityExplicit: false, framework: null, returning: false
12:25:32.189 [main] DEBUG c.browserstack.utils.CurrentTestMap - Searching for Test Run ID for Thread: 1
12:25:32.189 [main] TRACE c.b.config.BrowserStackConfig - isGaugeTestOpsSession called with testObservabilityExplicit: false, framework: null, returning: false
12:25:32.189 [main] DEBUG c.browserstack.utils.CurrentTestMap - Searching for Test Run ID for Thread: 1
12:25:32.189 [main] TRACE c.b.config.BrowserStackConfig - isGaugeTestOpsSession called with testObservabilityExplicit: false, framework: null, returning: false
12:25:32.189 [main] DEBUG c.browserstack.utils.CurrentTestMap - Searching for Test Run ID for Thread: 1
12:25:32.189 [main] TRACE c.b.config.BrowserStackConfig - isGaugeTestOpsSession called with testObservabilityExplicit: false, framework: null, returning: false
12:25:32.192 [main] DEBUG c.browserstack.utils.CurrentTestMap - Searching for Test Run ID for Thread: 1
12:25:32.193 [main] TRACE c.b.config.BrowserStackConfig - isGaugeTestOpsSession called with testObservabilityExplicit: false, framework: null, returning: false
12:25:32.196 [main] DEBUG c.browserstack.utils.CurrentTestMap - Searching for Test Run ID for Thread: 1
12:25:32.196 [main] TRACE c.b.config.BrowserStackConfig - isGaugeTestOpsSession called with testObservabilityExplicit: false, framework: null, returning: false
12:25:32.196 [main] TRACE c.b.config.BrowserStackConfig - isGaugeTestOpsSession called with testObservabilityExplicit: false, framework: null, returning: false
12:25:32.201 [main] DEBUG c.b.utils.FunnelInstrumentation - Error in getting Product:
java.lang.NullPointerException: Cannot invoke "String.equalsIgnoreCase(String)" because the return value of "com.browserstack.config.BrowserStackConfig.getFramework()" is null
	at com.browserstack.utils.FunnelInstrumentation.a(Unknown Source)
	at java.base/java.util.stream.MatchOps$1MatchSink.accept(MatchOps.java:90)
	at java.base/java.util.Spliterators$ArraySpliterator.tryAdvance(Spliterators.java:1034)
	at java.base/java.util.stream.ReferencePipeline.forEachWithCancel(ReferencePipeline.java:144)
	at java.base/java.util.stream.AbstractPipeline.copyIntoWithCancel(AbstractPipeline.java:574)
	at java.base/java.util.stream.AbstractPipeline.copyInto(AbstractPipeline.java:560)
	at java.base/java.util.stream.AbstractPipeline.wrapAndCopyInto(AbstractPipeline.java:546)
	at java.base/java.util.stream.MatchOps$MatchOp.evaluateSequential(MatchOps.java:230)
	at java.base/java.util.stream.MatchOps$MatchOp.evaluateSequential(MatchOps.java:196)
	at java.base/java.util.stream.AbstractPipeline.evaluate(AbstractPipeline.java:265)
	at java.base/java.util.stream.ReferencePipeline.anyMatch(ReferencePipeline.java:647)
	at com.browserstack.utils.FunnelInstrumentation.getProducts(Unknown Source)
	at com.browserstack.utils.FunnelInstrumentation.createParamsForEvent(Unknown Source)
	at com.browserstack.utils.FunnelInstrumentation.sendSDKEvent(Unknown Source)
	at com.browserstack.testNgListeners.TmpSuiteListener.onFinish(Unknown Source)
	at org.testng.TestRunner.fireEvent(TestRunner.java:923)
	at org.testng.TestRunner.afterRun(TestRunner.java:887)
	at org.testng.TestRunner.run(TestRunner.java:599)
	at org.testng.SuiteRunner.runTest(SuiteRunner.java:377)
	at org.testng.SuiteRunner.runSequentially(SuiteRunner.java:371)
	at org.testng.SuiteRunner.privateRun(SuiteRunner.java:332)
	at org.testng.SuiteRunner.run(SuiteRunner.java:276)
	at org.testng.SuiteRunnerWorker.runSuite(SuiteRunnerWorker.java:53)
	at org.testng.SuiteRunnerWorker.run(SuiteRunnerWorker.java:96)
	at org.testng.TestNG.runSuitesSequentially(TestNG.java:1212)
	at org.testng.TestNG.runSuitesLocally(TestNG.java:1134)
	at org.testng.TestNG.runSuites(TestNG.java:1063)
	at org.testng.TestNG.run(TestNG.java:1031)
	at org.testng.remote.AbstractRemoteTestNG.run(AbstractRemoteTestNG.java:115)
	at org.testng.remote.RemoteTestNG.initAndRun(RemoteTestNG.java:293)
	at org.testng.remote.RemoteTestNG.main(RemoteTestNG.java:91)
12:25:32.203 [main] TRACE c.b.config.BrowserStackConfig - isGaugeTestOpsSession called with testObservabilityExplicit: false, framework: null, returning: false
12:25:32.219 [main] DEBUG c.b.utils.FrameworkDetectionUtils - Couldn't find dependency class: appium
12:25:32.328 [main] DEBUG com.browserstack.testOps.UsageStats - getFormattedData: Collecting data for TestObservability
12:25:32.328 [main] TRACE c.b.config.BrowserStackConfig - isGaugeTestOpsSession called with testObservabilityExplicit: false, framework: null, returning: false
12:25:32.388 [main] TRACE c.b.t.TestOrchestrationUtils - getInstrumentationData: invoked
12:25:32.409 [main] DEBUG c.b.utils.FunnelInstrumentation - Sending funnel data for SDKTestSuccessful with data: {"event_type":"SDKTestSuccessful","accessKey":"[REDACTED]","userName":"[REDACTED]","event_properties":{"isPercyAutoEnabled":false,"language":"java","sdkRunId":"bca92e1f-f0a5-4d05-9add-fe3a5c9136ea","buildIdentifier":"unknown","testhub_uuid":"","detectedAppiumVersion":"null","productMap":{"app_automate":false,"accessibility":null,"automate":true,"percy":false,"observability":false,"turboscale":false},"hostname":"DESKTOP-QVD64FI","measures":{"sdk:pre-test":0.016299962997436523},"productUsage":{"testObservability":{"buildHashedId":"","manuallySet":false,"enabled":false}},"browserStackConfig":{"browserstackLocal":null,"percy":false,"logLevel":"info","staticWebDriver":true,"autoDetectFramework":true,"percyCaptureMode":"AUTO","browserStackLocalOptions":null,"percyOptions":null,"testContextOptions":{"skipSessionStatus":false,"serenityOverridePlugin":false,"skipSessionName":false},"platforms":null,"parallelsPerPlatform":null,"framework":null,"accessibility":false,"accessibilityOptions":{},"turboScaleOptions":{},"disableAutoCaptureLogs":true,"testObservability":true,"browserstackAutomation":true,"turboScale":false,"testObservabilityOptions":{},"gradleMConfig":null,"proxySettings":null},"automationFrameworkVersion":null,"percyBuildId":null,"product":"[automate]","buildName":"unknown","os":"Windows 11","languageVersion":"22.0.1","appiumVersion":"null","frameworkDetectionInstrumentation":{},"detectedDependencies":"","referrer":"unknown","locationTrigger":"onFinish","accessibilityConfiguration":{"pollingTimeout":30},"language_framework":"unknown","testOrchestration":{"abortBuildOnFailure":{"enabled":false},"retryTestsOnFailure":{"enabled":false},"userConfig":{}},"detectedSeleniumVersion":"4.27.0","automationFramework":"selenium","seleniumVersion":"null"}}
12:25:33.067 [main] DEBUG c.b.utils.FunnelInstrumentation - API Event SDKTestSuccessful, response: {"message":"Unauthorized"}
12:25:33.073 [main] DEBUG c.b.monitoring.PerformanceTester - Failed to append key metrics to file D:\gopal\workspace\Location Tool Automation\log\key-metrics.json
12:25:33.083 [main] DEBUG c.browserstack.utils.CurrentTestMap - Searching for Test Run ID for Thread: 1
12:25:33.083 [main] TRACE c.b.config.BrowserStackConfig - isGaugeTestOpsSession called with testObservabilityExplicit: false, framework: null, returning: false
12:26:28.786 [main] TRACE c.b.config.BrowserStackConfig - isGaugeTestOpsSession called with testObservabilityExplicit: false, framework: null, returning: false
12:26:28.791 [main] WARN  c.b.config.BrowserStackConfig - Test Observability could not be enabled because framework detected is null. We currently support frameworks testng, cucumber-testng & serenity
12:26:29.944 [main] DEBUG com.browserstack.v2.SdkCliUtils - File C:\Users\GopalSakhiya\.browserstack already exist
12:26:29.945 [main] DEBUG com.browserstack.v2.SdkCliUtils - getExistingCliPath: no binary found
12:26:29.946 [main] DEBUG com.browserstack.v2.SdkCliUtils - Current CLI Path Found: 
12:26:31.036 [main] ERROR com.browserstack.v2.SdkCliUtils - Error in setting up cli path directory, Exception: Unexpected token END OF FILE at position 0.
	at browserstack.shaded.org.json.simple.parser.JSONParser.parse(Unknown Source)
	at browserstack.shaded.org.json.simple.parser.JSONParser.parse(Unknown Source)
	at browserstack.shaded.org.json.simple.parser.JSONParser.parse(Unknown Source)
	at com.browserstack.v2.SdkCliUtils.checkAndUpdateCli(Unknown Source)
	at com.browserstack.v2.SdkCliUtils.setupCliPath(Unknown Source)
	at com.browserstack.v2.SdkCLI.<clinit>(Unknown Source)
	at com.browserstack.monitoring.PerformanceTester.measure(Unknown Source)
	at com.browserstack.monitoring.PerformanceTester.end(Unknown Source)
	at com.browserstack.testNgListeners.BrowserstackSuiteListener.a(Unknown Source)
	at com.browserstack.testNgListeners.BrowserstackSuiteListener.onStart(Unknown Source)
	at org.testng.SuiteRunner.invokeListeners(SuiteRunner.java:213)
	at org.testng.SuiteRunner.run(SuiteRunner.java:274)
	at org.testng.SuiteRunnerWorker.runSuite(SuiteRunnerWorker.java:53)
	at org.testng.SuiteRunnerWorker.run(SuiteRunnerWorker.java:96)
	at org.testng.TestNG.runSuitesSequentially(TestNG.java:1212)
	at org.testng.TestNG.runSuitesLocally(TestNG.java:1134)
	at org.testng.TestNG.runSuites(TestNG.java:1063)
	at org.testng.TestNG.run(TestNG.java:1031)
	at org.testng.remote.AbstractRemoteTestNG.run(AbstractRemoteTestNG.java:115)
	at org.testng.remote.RemoteTestNG.initAndRun(RemoteTestNG.java:293)
	at org.testng.remote.RemoteTestNG.main(RemoteTestNG.java:91)

12:26:31.058 [main] DEBUG c.b.monitoring.PerformanceTester - Failed to append key metrics to file D:\gopal\workspace\Location Tool Automation\log\key-metrics.json
12:26:31.218 [main] DEBUG c.browserstack.utils.CurrentTestMap - Searching for Test Run ID for Thread: 1
12:26:31.219 [main] TRACE c.b.config.BrowserStackConfig - isGaugeTestOpsSession called with testObservabilityExplicit: false, framework: null, returning: false
12:36:48.860 [main] DEBUG c.browserstack.utils.CurrentTestMap - Searching for Test Run ID for Thread: 1
12:36:48.860 [main] TRACE c.b.config.BrowserStackConfig - isGaugeTestOpsSession called with testObservabilityExplicit: false, framework: null, returning: false
12:39:03.018 [main] DEBUG c.browserstack.utils.CurrentTestMap - Searching for Test Run ID for Thread: 1
12:39:03.025 [main] TRACE c.b.config.BrowserStackConfig - isGaugeTestOpsSession called with testObservabilityExplicit: false, framework: null, returning: false
12:39:03.115 [main] DEBUG c.browserstack.utils.CurrentTestMap - Searching for Test Run ID for Thread: 1
12:39:03.115 [main] TRACE c.b.config.BrowserStackConfig - isGaugeTestOpsSession called with testObservabilityExplicit: false, framework: null, returning: false
12:39:03.229 [main] DEBUG c.browserstack.utils.CurrentTestMap - Searching for Test Run ID for Thread: 1
12:39:03.245 [main] TRACE c.b.config.BrowserStackConfig - isGaugeTestOpsSession called with testObservabilityExplicit: false, framework: null, returning: false
12:39:03.361 [main] DEBUG c.browserstack.utils.CurrentTestMap - Searching for Test Run ID for Thread: 1
12:39:03.361 [main] TRACE c.b.config.BrowserStackConfig - isGaugeTestOpsSession called with testObservabilityExplicit: false, framework: null, returning: false
12:39:03.443 [main] DEBUG c.browserstack.utils.CurrentTestMap - Searching for Test Run ID for Thread: 1
12:39:03.455 [main] TRACE c.b.config.BrowserStackConfig - isGaugeTestOpsSession called with testObservabilityExplicit: false, framework: null, returning: false
12:39:03.536 [main] DEBUG c.browserstack.utils.CurrentTestMap - Searching for Test Run ID for Thread: 1
12:39:03.536 [main] TRACE c.b.config.BrowserStackConfig - isGaugeTestOpsSession called with testObservabilityExplicit: false, framework: null, returning: false
12:39:03.636 [main] DEBUG c.browserstack.utils.CurrentTestMap - Searching for Test Run ID for Thread: 1
12:39:03.636 [main] TRACE c.b.config.BrowserStackConfig - isGaugeTestOpsSession called with testObservabilityExplicit: false, framework: null, returning: false
12:39:03.748 [main] DEBUG c.browserstack.utils.CurrentTestMap - Searching for Test Run ID for Thread: 1
12:39:03.748 [main] TRACE c.b.config.BrowserStackConfig - isGaugeTestOpsSession called with testObservabilityExplicit: false, framework: null, returning: false
12:39:03.836 [main] DEBUG c.browserstack.utils.CurrentTestMap - Searching for Test Run ID for Thread: 1
12:39:03.844 [main] TRACE c.b.config.BrowserStackConfig - isGaugeTestOpsSession called with testObservabilityExplicit: false, framework: null, returning: false
12:39:04.095 [main] DEBUG c.browserstack.utils.CurrentTestMap - Searching for Test Run ID for Thread: 1
12:39:04.095 [main] TRACE c.b.config.BrowserStackConfig - isGaugeTestOpsSession called with testObservabilityExplicit: false, framework: null, returning: false
12:39:04.182 [main] DEBUG c.browserstack.utils.CurrentTestMap - Searching for Test Run ID for Thread: 1
12:39:04.182 [main] TRACE c.b.config.BrowserStackConfig - isGaugeTestOpsSession called with testObservabilityExplicit: false, framework: null, returning: false
12:39:04.279 [main] DEBUG c.browserstack.utils.CurrentTestMap - Searching for Test Run ID for Thread: 1
12:39:04.279 [main] TRACE c.b.config.BrowserStackConfig - isGaugeTestOpsSession called with testObservabilityExplicit: false, framework: null, returning: false
12:39:04.377 [main] DEBUG c.browserstack.utils.CurrentTestMap - Searching for Test Run ID for Thread: 1
12:39:04.377 [main] TRACE c.b.config.BrowserStackConfig - isGaugeTestOpsSession called with testObservabilityExplicit: false, framework: null, returning: false
12:39:04.496 [main] DEBUG c.browserstack.utils.CurrentTestMap - Searching for Test Run ID for Thread: 1
12:39:04.496 [main] TRACE c.b.config.BrowserStackConfig - isGaugeTestOpsSession called with testObservabilityExplicit: false, framework: null, returning: false
12:39:04.583 [main] DEBUG c.browserstack.utils.CurrentTestMap - Searching for Test Run ID for Thread: 1
12:39:04.583 [main] TRACE c.b.config.BrowserStackConfig - isGaugeTestOpsSession called with testObservabilityExplicit: false, framework: null, returning: false
12:39:04.661 [main] DEBUG c.browserstack.utils.CurrentTestMap - Searching for Test Run ID for Thread: 1
12:39:04.661 [main] TRACE c.b.config.BrowserStackConfig - isGaugeTestOpsSession called with testObservabilityExplicit: false, framework: null, returning: false
12:39:04.758 [main] DEBUG c.browserstack.utils.CurrentTestMap - Searching for Test Run ID for Thread: 1
12:39:04.758 [main] TRACE c.b.config.BrowserStackConfig - isGaugeTestOpsSession called with testObservabilityExplicit: false, framework: null, returning: false
12:39:04.839 [main] DEBUG c.browserstack.utils.CurrentTestMap - Searching for Test Run ID for Thread: 1
12:39:04.839 [main] TRACE c.b.config.BrowserStackConfig - isGaugeTestOpsSession called with testObservabilityExplicit: false, framework: null, returning: false
12:39:04.936 [main] DEBUG c.browserstack.utils.CurrentTestMap - Searching for Test Run ID for Thread: 1
12:39:04.936 [main] TRACE c.b.config.BrowserStackConfig - isGaugeTestOpsSession called with testObservabilityExplicit: false, framework: null, returning: false
12:39:05.019 [main] DEBUG c.browserstack.utils.CurrentTestMap - Searching for Test Run ID for Thread: 1
12:39:05.019 [main] TRACE c.b.config.BrowserStackConfig - isGaugeTestOpsSession called with testObservabilityExplicit: false, framework: null, returning: false
12:39:05.131 [main] DEBUG c.browserstack.utils.CurrentTestMap - Searching for Test Run ID for Thread: 1
12:39:05.131 [main] TRACE c.b.config.BrowserStackConfig - isGaugeTestOpsSession called with testObservabilityExplicit: false, framework: null, returning: false
12:39:05.494 [main] DEBUG c.browserstack.utils.CurrentTestMap - Searching for Test Run ID for Thread: 1
12:39:05.494 [main] TRACE c.b.config.BrowserStackConfig - isGaugeTestOpsSession called with testObservabilityExplicit: false, framework: null, returning: false
13:16:37.196 [main] DEBUG c.browserstack.utils.CurrentTestMap - Searching for Test Run ID for Thread: 1
13:16:37.196 [main] TRACE c.b.config.BrowserStackConfig - isGaugeTestOpsSession called with testObservabilityExplicit: false, framework: null, returning: false
14:16:59.645 [main] TRACE c.b.config.BrowserStackConfig - isGaugeTestOpsSession called with testObservabilityExplicit: false, framework: null, returning: false
14:16:59.652 [main] DEBUG c.b.utils.FunnelInstrumentation - Error in getting Product:
java.lang.NullPointerException: Cannot invoke "String.equalsIgnoreCase(String)" because the return value of "com.browserstack.config.BrowserStackConfig.getFramework()" is null
	at com.browserstack.utils.FunnelInstrumentation.a(Unknown Source)
	at java.base/java.util.stream.MatchOps$1MatchSink.accept(MatchOps.java:90)
	at java.base/java.util.Spliterators$ArraySpliterator.tryAdvance(Spliterators.java:1034)
	at java.base/java.util.stream.ReferencePipeline.forEachWithCancel(ReferencePipeline.java:144)
	at java.base/java.util.stream.AbstractPipeline.copyIntoWithCancel(AbstractPipeline.java:574)
	at java.base/java.util.stream.AbstractPipeline.copyInto(AbstractPipeline.java:560)
	at java.base/java.util.stream.AbstractPipeline.wrapAndCopyInto(AbstractPipeline.java:546)
	at java.base/java.util.stream.MatchOps$MatchOp.evaluateSequential(MatchOps.java:230)
	at java.base/java.util.stream.MatchOps$MatchOp.evaluateSequential(MatchOps.java:196)
	at java.base/java.util.stream.AbstractPipeline.evaluate(AbstractPipeline.java:265)
	at java.base/java.util.stream.ReferencePipeline.anyMatch(ReferencePipeline.java:647)
	at com.browserstack.utils.FunnelInstrumentation.getProducts(Unknown Source)
	at com.browserstack.utils.FunnelInstrumentation.createParamsForEvent(Unknown Source)
	at com.browserstack.utils.FunnelInstrumentation.sendSDKEvent(Unknown Source)
	at com.browserstack.testNgListeners.TmpSuiteListener.onFinish(Unknown Source)
	at org.testng.TestRunner.fireEvent(TestRunner.java:923)
	at org.testng.TestRunner.afterRun(TestRunner.java:887)
	at org.testng.TestRunner.run(TestRunner.java:599)
	at org.testng.SuiteRunner.runTest(SuiteRunner.java:377)
	at org.testng.SuiteRunner.runSequentially(SuiteRunner.java:371)
	at org.testng.SuiteRunner.privateRun(SuiteRunner.java:332)
	at org.testng.SuiteRunner.run(SuiteRunner.java:276)
	at org.testng.SuiteRunnerWorker.runSuite(SuiteRunnerWorker.java:53)
	at org.testng.SuiteRunnerWorker.run(SuiteRunnerWorker.java:96)
	at org.testng.TestNG.runSuitesSequentially(TestNG.java:1212)
	at org.testng.TestNG.runSuitesLocally(TestNG.java:1134)
	at org.testng.TestNG.runSuites(TestNG.java:1063)
	at org.testng.TestNG.run(TestNG.java:1031)
	at org.testng.remote.AbstractRemoteTestNG.run(AbstractRemoteTestNG.java:115)
	at org.testng.remote.RemoteTestNG.initAndRun(RemoteTestNG.java:293)
	at org.testng.remote.RemoteTestNG.main(RemoteTestNG.java:91)
14:16:59.657 [main] TRACE c.b.config.BrowserStackConfig - isGaugeTestOpsSession called with testObservabilityExplicit: false, framework: null, returning: false
14:16:59.682 [main] DEBUG c.b.utils.FrameworkDetectionUtils - Couldn't find dependency class: appium
14:17:02.339 [main] DEBUG com.browserstack.testOps.UsageStats - getFormattedData: Collecting data for TestObservability
14:17:02.339 [main] TRACE c.b.config.BrowserStackConfig - isGaugeTestOpsSession called with testObservabilityExplicit: false, framework: null, returning: false
14:17:02.877 [main] TRACE c.b.t.TestOrchestrationUtils - getInstrumentationData: invoked
14:17:02.964 [main] DEBUG c.b.utils.FunnelInstrumentation - Sending funnel data for SDKTestSuccessful with data: {"event_type":"SDKTestSuccessful","accessKey":"[REDACTED]","userName":"[REDACTED]","event_properties":{"isPercyAutoEnabled":false,"language":"java","sdkRunId":"0029511c-714b-4a13-b335-bc81d71bdbdb","buildIdentifier":"unknown","testhub_uuid":"","detectedAppiumVersion":"null","productMap":{"app_automate":false,"accessibility":null,"automate":true,"percy":false,"observability":false,"turboscale":false},"hostname":"DESKTOP-QVD64FI","measures":{"sdk:pre-test":0.03620004653930664},"productUsage":{"testObservability":{"buildHashedId":"","manuallySet":false,"enabled":false}},"browserStackConfig":{"browserstackLocal":null,"percy":false,"logLevel":"info","staticWebDriver":true,"autoDetectFramework":true,"percyCaptureMode":"AUTO","browserStackLocalOptions":null,"percyOptions":null,"testContextOptions":{"skipSessionName":false,"serenityOverridePlugin":false,"skipSessionStatus":false},"platforms":null,"parallelsPerPlatform":null,"framework":null,"accessibility":false,"accessibilityOptions":{},"turboScaleOptions":{},"disableAutoCaptureLogs":true,"testObservability":true,"browserstackAutomation":true,"turboScale":false,"testObservabilityOptions":{},"gradleMConfig":null,"proxySettings":null},"automationFrameworkVersion":null,"percyBuildId":null,"product":"[automate]","buildName":"unknown","os":"Windows 11","languageVersion":"22.0.1","appiumVersion":"null","frameworkDetectionInstrumentation":{},"detectedDependencies":"","referrer":"unknown","locationTrigger":"onFinish","accessibilityConfiguration":{"pollingTimeout":30},"language_framework":"unknown","testOrchestration":{"abortBuildOnFailure":{"enabled":false},"retryTestsOnFailure":{"enabled":false},"userConfig":{}},"detectedSeleniumVersion":"4.27.0","automationFramework":"selenium","seleniumVersion":"null"}}
14:17:04.567 [main] DEBUG c.b.utils.FunnelInstrumentation - API Event SDKTestSuccessful, response: {"message":"Unauthorized"}
14:17:06.159 [main] DEBUG c.b.monitoring.PerformanceTester - Failed to append key metrics to file D:\gopal\workspace\Location Tool Automation\log\key-metrics.json
14:17:06.167 [main] DEBUG c.browserstack.utils.CurrentTestMap - Searching for Test Run ID for Thread: 1
14:17:06.167 [main] TRACE c.b.config.BrowserStackConfig - isGaugeTestOpsSession called with testObservabilityExplicit: false, framework: null, returning: false
14:17:06.169 [main] DEBUG c.browserstack.utils.CurrentTestMap - Searching for Test Run ID for Thread: 1
14:17:06.169 [main] TRACE c.b.config.BrowserStackConfig - isGaugeTestOpsSession called with testObservabilityExplicit: false, framework: null, returning: false
14:17:06.169 [main] DEBUG c.browserstack.utils.CurrentTestMap - Searching for Test Run ID for Thread: 1
14:17:06.169 [main] TRACE c.b.config.BrowserStackConfig - isGaugeTestOpsSession called with testObservabilityExplicit: false, framework: null, returning: false
14:17:06.169 [main] DEBUG c.browserstack.utils.CurrentTestMap - Searching for Test Run ID for Thread: 1
14:17:06.171 [main] TRACE c.b.config.BrowserStackConfig - isGaugeTestOpsSession called with testObservabilityExplicit: false, framework: null, returning: false
14:17:06.171 [main] DEBUG c.browserstack.utils.CurrentTestMap - Searching for Test Run ID for Thread: 1
14:17:06.171 [main] TRACE c.b.config.BrowserStackConfig - isGaugeTestOpsSession called with testObservabilityExplicit: false, framework: null, returning: false
14:17:06.171 [main] DEBUG c.browserstack.utils.CurrentTestMap - Searching for Test Run ID for Thread: 1
14:17:06.171 [main] TRACE c.b.config.BrowserStackConfig - isGaugeTestOpsSession called with testObservabilityExplicit: false, framework: null, returning: false
14:17:06.171 [main] DEBUG c.browserstack.utils.CurrentTestMap - Searching for Test Run ID for Thread: 1
14:17:06.171 [main] TRACE c.b.config.BrowserStackConfig - isGaugeTestOpsSession called with testObservabilityExplicit: false, framework: null, returning: false
14:17:06.171 [main] DEBUG c.browserstack.utils.CurrentTestMap - Searching for Test Run ID for Thread: 1
14:17:06.173 [main] TRACE c.b.config.BrowserStackConfig - isGaugeTestOpsSession called with testObservabilityExplicit: false, framework: null, returning: false
14:17:06.173 [main] DEBUG c.browserstack.utils.CurrentTestMap - Searching for Test Run ID for Thread: 1
14:17:06.173 [main] TRACE c.b.config.BrowserStackConfig - isGaugeTestOpsSession called with testObservabilityExplicit: false, framework: null, returning: false
14:17:06.175 [main] DEBUG c.browserstack.utils.CurrentTestMap - Searching for Test Run ID for Thread: 1
14:17:06.175 [main] TRACE c.b.config.BrowserStackConfig - isGaugeTestOpsSession called with testObservabilityExplicit: false, framework: null, returning: false
14:17:06.177 [main] DEBUG c.browserstack.utils.CurrentTestMap - Searching for Test Run ID for Thread: 1
14:17:06.177 [main] TRACE c.b.config.BrowserStackConfig - isGaugeTestOpsSession called with testObservabilityExplicit: false, framework: null, returning: false
14:17:06.177 [main] DEBUG c.browserstack.utils.CurrentTestMap - Searching for Test Run ID for Thread: 1
14:17:06.177 [main] TRACE c.b.config.BrowserStackConfig - isGaugeTestOpsSession called with testObservabilityExplicit: false, framework: null, returning: false
14:17:06.177 [main] DEBUG c.browserstack.utils.CurrentTestMap - Searching for Test Run ID for Thread: 1
14:17:06.177 [main] TRACE c.b.config.BrowserStackConfig - isGaugeTestOpsSession called with testObservabilityExplicit: false, framework: null, returning: false
14:17:06.179 [main] DEBUG c.browserstack.utils.CurrentTestMap - Searching for Test Run ID for Thread: 1
14:17:06.179 [main] TRACE c.b.config.BrowserStackConfig - isGaugeTestOpsSession called with testObservabilityExplicit: false, framework: null, returning: false
14:17:06.179 [main] DEBUG c.browserstack.utils.CurrentTestMap - Searching for Test Run ID for Thread: 1
14:17:06.179 [main] TRACE c.b.config.BrowserStackConfig - isGaugeTestOpsSession called with testObservabilityExplicit: false, framework: null, returning: false
14:25:08.030 [main] TRACE c.b.config.BrowserStackConfig - isGaugeTestOpsSession called with testObservabilityExplicit: false, framework: null, returning: false
14:25:08.034 [main] WARN  c.b.config.BrowserStackConfig - Test Observability could not be enabled because framework detected is null. We currently support frameworks testng, cucumber-testng & serenity
14:25:09.067 [main] DEBUG com.browserstack.v2.SdkCliUtils - File C:\Users\GopalSakhiya\.browserstack already exist
14:25:09.071 [main] DEBUG com.browserstack.v2.SdkCliUtils - getExistingCliPath: no binary found
14:25:09.071 [main] DEBUG com.browserstack.v2.SdkCliUtils - Current CLI Path Found: 
14:25:11.288 [main] ERROR com.browserstack.v2.SdkCliUtils - Error in setting up cli path directory, Exception: Unexpected token END OF FILE at position 0.
	at browserstack.shaded.org.json.simple.parser.JSONParser.parse(Unknown Source)
	at browserstack.shaded.org.json.simple.parser.JSONParser.parse(Unknown Source)
	at browserstack.shaded.org.json.simple.parser.JSONParser.parse(Unknown Source)
	at com.browserstack.v2.SdkCliUtils.checkAndUpdateCli(Unknown Source)
	at com.browserstack.v2.SdkCliUtils.setupCliPath(Unknown Source)
	at com.browserstack.v2.SdkCLI.<clinit>(Unknown Source)
	at com.browserstack.monitoring.PerformanceTester.measure(Unknown Source)
	at com.browserstack.monitoring.PerformanceTester.end(Unknown Source)
	at com.browserstack.testNgListeners.BrowserstackSuiteListener.a(Unknown Source)
	at com.browserstack.testNgListeners.BrowserstackSuiteListener.onStart(Unknown Source)
	at org.testng.SuiteRunner.invokeListeners(SuiteRunner.java:213)
	at org.testng.SuiteRunner.run(SuiteRunner.java:274)
	at org.testng.SuiteRunnerWorker.runSuite(SuiteRunnerWorker.java:53)
	at org.testng.SuiteRunnerWorker.run(SuiteRunnerWorker.java:96)
	at org.testng.TestNG.runSuitesSequentially(TestNG.java:1212)
	at org.testng.TestNG.runSuitesLocally(TestNG.java:1134)
	at org.testng.TestNG.runSuites(TestNG.java:1063)
	at org.testng.TestNG.run(TestNG.java:1031)
	at org.testng.remote.AbstractRemoteTestNG.run(AbstractRemoteTestNG.java:115)
	at org.testng.remote.RemoteTestNG.initAndRun(RemoteTestNG.java:293)
	at org.testng.remote.RemoteTestNG.main(RemoteTestNG.java:91)

14:25:11.298 [main] DEBUG c.b.monitoring.PerformanceTester - Failed to append key metrics to file D:\gopal\workspace\Location Tool Automation\log\key-metrics.json
14:25:11.357 [main] DEBUG c.browserstack.utils.CurrentTestMap - Searching for Test Run ID for Thread: 1
14:25:11.357 [main] TRACE c.b.config.BrowserStackConfig - isGaugeTestOpsSession called with testObservabilityExplicit: false, framework: null, returning: false
14:29:04.761 [main] DEBUG c.browserstack.utils.CurrentTestMap - Searching for Test Run ID for Thread: 1
14:29:04.761 [main] TRACE c.b.config.BrowserStackConfig - isGaugeTestOpsSession called with testObservabilityExplicit: false, framework: null, returning: false
14:29:04.762 [main] DEBUG c.browserstack.utils.CurrentTestMap - Searching for Test Run ID for Thread: 1
14:29:04.762 [main] TRACE c.b.config.BrowserStackConfig - isGaugeTestOpsSession called with testObservabilityExplicit: false, framework: null, returning: false
14:29:04.763 [main] DEBUG c.browserstack.utils.CurrentTestMap - Searching for Test Run ID for Thread: 1
14:29:04.763 [main] TRACE c.b.config.BrowserStackConfig - isGaugeTestOpsSession called with testObservabilityExplicit: false, framework: null, returning: false
14:29:04.764 [main] DEBUG c.browserstack.utils.CurrentTestMap - Searching for Test Run ID for Thread: 1
14:29:04.764 [main] TRACE c.b.config.BrowserStackConfig - isGaugeTestOpsSession called with testObservabilityExplicit: false, framework: null, returning: false
14:29:04.765 [main] DEBUG c.browserstack.utils.CurrentTestMap - Searching for Test Run ID for Thread: 1
14:29:04.766 [main] TRACE c.b.config.BrowserStackConfig - isGaugeTestOpsSession called with testObservabilityExplicit: false, framework: null, returning: false
14:29:04.770 [main] DEBUG c.browserstack.utils.CurrentTestMap - Searching for Test Run ID for Thread: 1
14:29:04.770 [main] TRACE c.b.config.BrowserStackConfig - isGaugeTestOpsSession called with testObservabilityExplicit: false, framework: null, returning: false
14:29:04.771 [main] DEBUG c.browserstack.utils.CurrentTestMap - Searching for Test Run ID for Thread: 1
14:29:04.771 [main] TRACE c.b.config.BrowserStackConfig - isGaugeTestOpsSession called with testObservabilityExplicit: false, framework: null, returning: false
14:29:04.773 [main] DEBUG c.browserstack.utils.CurrentTestMap - Searching for Test Run ID for Thread: 1
14:29:04.774 [main] TRACE c.b.config.BrowserStackConfig - isGaugeTestOpsSession called with testObservabilityExplicit: false, framework: null, returning: false
14:29:04.777 [main] DEBUG c.browserstack.utils.CurrentTestMap - Searching for Test Run ID for Thread: 1
14:29:04.778 [main] TRACE c.b.config.BrowserStackConfig - isGaugeTestOpsSession called with testObservabilityExplicit: false, framework: null, returning: false
14:29:04.780 [main] DEBUG c.browserstack.utils.CurrentTestMap - Searching for Test Run ID for Thread: 1
14:29:04.780 [main] TRACE c.b.config.BrowserStackConfig - isGaugeTestOpsSession called with testObservabilityExplicit: false, framework: null, returning: false
14:29:04.783 [main] DEBUG c.browserstack.utils.CurrentTestMap - Searching for Test Run ID for Thread: 1
14:29:04.783 [main] TRACE c.b.config.BrowserStackConfig - isGaugeTestOpsSession called with testObservabilityExplicit: false, framework: null, returning: false
14:29:04.784 [main] DEBUG c.browserstack.utils.CurrentTestMap - Searching for Test Run ID for Thread: 1
14:29:04.784 [main] TRACE c.b.config.BrowserStackConfig - isGaugeTestOpsSession called with testObservabilityExplicit: false, framework: null, returning: false
14:29:04.785 [main] DEBUG c.browserstack.utils.CurrentTestMap - Searching for Test Run ID for Thread: 1
14:29:04.785 [main] TRACE c.b.config.BrowserStackConfig - isGaugeTestOpsSession called with testObservabilityExplicit: false, framework: null, returning: false
14:29:04.786 [main] DEBUG c.browserstack.utils.CurrentTestMap - Searching for Test Run ID for Thread: 1
14:29:04.787 [main] TRACE c.b.config.BrowserStackConfig - isGaugeTestOpsSession called with testObservabilityExplicit: false, framework: null, returning: false
14:29:04.789 [main] DEBUG c.browserstack.utils.CurrentTestMap - Searching for Test Run ID for Thread: 1
14:29:04.789 [main] TRACE c.b.config.BrowserStackConfig - isGaugeTestOpsSession called with testObservabilityExplicit: false, framework: null, returning: false
14:29:04.790 [main] TRACE c.b.config.BrowserStackConfig - isGaugeTestOpsSession called with testObservabilityExplicit: false, framework: null, returning: false
14:29:04.794 [main] DEBUG c.b.utils.FunnelInstrumentation - Error in getting Product:
java.lang.NullPointerException: Cannot invoke "String.equalsIgnoreCase(String)" because the return value of "com.browserstack.config.BrowserStackConfig.getFramework()" is null
	at com.browserstack.utils.FunnelInstrumentation.a(Unknown Source)
	at java.base/java.util.stream.MatchOps$1MatchSink.accept(MatchOps.java:90)
	at java.base/java.util.Spliterators$ArraySpliterator.tryAdvance(Spliterators.java:1034)
	at java.base/java.util.stream.ReferencePipeline.forEachWithCancel(ReferencePipeline.java:144)
	at java.base/java.util.stream.AbstractPipeline.copyIntoWithCancel(AbstractPipeline.java:574)
	at java.base/java.util.stream.AbstractPipeline.copyInto(AbstractPipeline.java:560)
	at java.base/java.util.stream.AbstractPipeline.wrapAndCopyInto(AbstractPipeline.java:546)
	at java.base/java.util.stream.MatchOps$MatchOp.evaluateSequential(MatchOps.java:230)
	at java.base/java.util.stream.MatchOps$MatchOp.evaluateSequential(MatchOps.java:196)
	at java.base/java.util.stream.AbstractPipeline.evaluate(AbstractPipeline.java:265)
	at java.base/java.util.stream.ReferencePipeline.anyMatch(ReferencePipeline.java:647)
	at com.browserstack.utils.FunnelInstrumentation.getProducts(Unknown Source)
	at com.browserstack.utils.FunnelInstrumentation.createParamsForEvent(Unknown Source)
	at com.browserstack.utils.FunnelInstrumentation.sendSDKEvent(Unknown Source)
	at com.browserstack.testNgListeners.TmpSuiteListener.onFinish(Unknown Source)
	at org.testng.TestRunner.fireEvent(TestRunner.java:923)
	at org.testng.TestRunner.afterRun(TestRunner.java:887)
	at org.testng.TestRunner.run(TestRunner.java:599)
	at org.testng.SuiteRunner.runTest(SuiteRunner.java:377)
	at org.testng.SuiteRunner.runSequentially(SuiteRunner.java:371)
	at org.testng.SuiteRunner.privateRun(SuiteRunner.java:332)
	at org.testng.SuiteRunner.run(SuiteRunner.java:276)
	at org.testng.SuiteRunnerWorker.runSuite(SuiteRunnerWorker.java:53)
	at org.testng.SuiteRunnerWorker.run(SuiteRunnerWorker.java:96)
	at org.testng.TestNG.runSuitesSequentially(TestNG.java:1212)
	at org.testng.TestNG.runSuitesLocally(TestNG.java:1134)
	at org.testng.TestNG.runSuites(TestNG.java:1063)
	at org.testng.TestNG.run(TestNG.java:1031)
	at org.testng.remote.AbstractRemoteTestNG.run(AbstractRemoteTestNG.java:115)
	at org.testng.remote.RemoteTestNG.initAndRun(RemoteTestNG.java:293)
	at org.testng.remote.RemoteTestNG.main(RemoteTestNG.java:91)
14:29:04.797 [main] TRACE c.b.config.BrowserStackConfig - isGaugeTestOpsSession called with testObservabilityExplicit: false, framework: null, returning: false
14:29:04.812 [main] DEBUG c.b.utils.FrameworkDetectionUtils - Couldn't find dependency class: appium
14:29:04.904 [main] DEBUG com.browserstack.testOps.UsageStats - getFormattedData: Collecting data for TestObservability
14:29:04.904 [main] TRACE c.b.config.BrowserStackConfig - isGaugeTestOpsSession called with testObservabilityExplicit: false, framework: null, returning: false
14:29:04.960 [main] TRACE c.b.t.TestOrchestrationUtils - getInstrumentationData: invoked
14:29:04.972 [main] DEBUG c.b.utils.FunnelInstrumentation - Sending funnel data for SDKTestSuccessful with data: {"event_type":"SDKTestSuccessful","accessKey":"[REDACTED]","userName":"[REDACTED]","event_properties":{"isPercyAutoEnabled":false,"language":"java","sdkRunId":"6bea44eb-a79f-4866-8ba5-b667f4717db1","buildIdentifier":"unknown","testhub_uuid":"","detectedAppiumVersion":"null","productMap":{"app_automate":false,"accessibility":null,"automate":true,"percy":false,"observability":false,"turboscale":false},"hostname":"DESKTOP-QVD64FI","measures":{"sdk:pre-test":0.053000032901763916},"productUsage":{"testObservability":{"buildHashedId":"","manuallySet":false,"enabled":false}},"browserStackConfig":{"browserstackLocal":null,"percy":false,"logLevel":"info","staticWebDriver":true,"autoDetectFramework":true,"percyCaptureMode":"AUTO","browserStackLocalOptions":null,"percyOptions":null,"testContextOptions":{"serenityOverridePlugin":false,"skipSessionStatus":false,"skipSessionName":false},"platforms":null,"parallelsPerPlatform":null,"framework":null,"accessibility":false,"accessibilityOptions":{},"turboScaleOptions":{},"disableAutoCaptureLogs":true,"testObservability":true,"browserstackAutomation":true,"turboScale":false,"testObservabilityOptions":{},"gradleMConfig":null,"proxySettings":null},"automationFrameworkVersion":null,"percyBuildId":null,"product":"[automate]","buildName":"unknown","os":"Windows 11","languageVersion":"22.0.1","appiumVersion":"null","frameworkDetectionInstrumentation":{},"detectedDependencies":"","referrer":"unknown","locationTrigger":"onFinish","accessibilityConfiguration":{"pollingTimeout":30},"language_framework":"unknown","testOrchestration":{"abortBuildOnFailure":{"enabled":false},"retryTestsOnFailure":{"enabled":false},"userConfig":{}},"detectedSeleniumVersion":"4.27.0","automationFramework":"selenium","seleniumVersion":"null"}}
14:29:06.395 [main] DEBUG c.b.utils.FunnelInstrumentation - API Event SDKTestSuccessful, response: {"message":"Unauthorized"}
14:29:06.401 [main] DEBUG c.b.monitoring.PerformanceTester - Failed to append key metrics to file D:\gopal\workspace\Location Tool Automation\log\key-metrics.json
14:29:06.411 [main] DEBUG c.browserstack.utils.CurrentTestMap - Searching for Test Run ID for Thread: 1
14:29:06.411 [main] TRACE c.b.config.BrowserStackConfig - isGaugeTestOpsSession called with testObservabilityExplicit: false, framework: null, returning: false
14:32:34.865 [main] TRACE c.b.config.BrowserStackConfig - isGaugeTestOpsSession called with testObservabilityExplicit: false, framework: null, returning: false
14:32:34.867 [main] WARN  c.b.config.BrowserStackConfig - Test Observability could not be enabled because framework detected is null. We currently support frameworks testng, cucumber-testng & serenity
14:32:35.384 [main] DEBUG com.browserstack.v2.SdkCliUtils - File C:\Users\GopalSakhiya\.browserstack already exist
14:32:35.386 [main] DEBUG com.browserstack.v2.SdkCliUtils - getExistingCliPath: no binary found
14:32:35.386 [main] DEBUG com.browserstack.v2.SdkCliUtils - Current CLI Path Found: 
14:32:37.350 [main] TRACE c.b.config.BrowserStackConfig - isGaugeTestOpsSession called with testObservabilityExplicit: false, framework: null, returning: false
14:32:37.352 [main] WARN  c.b.config.BrowserStackConfig - Test Observability could not be enabled because framework detected is null. We currently support frameworks testng, cucumber-testng & serenity
14:32:37.923 [main] DEBUG com.browserstack.v2.SdkCliUtils - File C:\Users\GopalSakhiya\.browserstack already exist
14:32:37.924 [main] DEBUG com.browserstack.v2.SdkCliUtils - getExistingCliPath: no binary found
14:32:37.924 [main] DEBUG com.browserstack.v2.SdkCliUtils - Current CLI Path Found: 
14:32:39.601 [main] ERROR com.browserstack.v2.SdkCliUtils - Error in setting up cli path directory, Exception: Unexpected token END OF FILE at position 0.
	at browserstack.shaded.org.json.simple.parser.JSONParser.parse(Unknown Source)
	at browserstack.shaded.org.json.simple.parser.JSONParser.parse(Unknown Source)
	at browserstack.shaded.org.json.simple.parser.JSONParser.parse(Unknown Source)
	at com.browserstack.v2.SdkCliUtils.checkAndUpdateCli(Unknown Source)
	at com.browserstack.v2.SdkCliUtils.setupCliPath(Unknown Source)
	at com.browserstack.v2.SdkCLI.<clinit>(Unknown Source)
	at com.browserstack.monitoring.PerformanceTester.measure(Unknown Source)
	at com.browserstack.monitoring.PerformanceTester.end(Unknown Source)
	at com.browserstack.testNgListeners.BrowserstackSuiteListener.a(Unknown Source)
	at com.browserstack.testNgListeners.BrowserstackSuiteListener.onStart(Unknown Source)
	at org.testng.SuiteRunner.invokeListeners(SuiteRunner.java:213)
	at org.testng.SuiteRunner.run(SuiteRunner.java:274)
	at org.testng.SuiteRunnerWorker.runSuite(SuiteRunnerWorker.java:53)
	at org.testng.SuiteRunnerWorker.run(SuiteRunnerWorker.java:96)
	at org.testng.TestNG.runSuitesSequentially(TestNG.java:1212)
	at org.testng.TestNG.runSuitesLocally(TestNG.java:1134)
	at org.testng.TestNG.runSuites(TestNG.java:1063)
	at org.testng.TestNG.run(TestNG.java:1031)
	at org.testng.remote.AbstractRemoteTestNG.run(AbstractRemoteTestNG.java:115)
	at org.testng.remote.RemoteTestNG.initAndRun(RemoteTestNG.java:293)
	at org.testng.remote.RemoteTestNG.main(RemoteTestNG.java:91)

14:32:39.601 [main] ERROR com.browserstack.v2.SdkCliUtils - Error in setting up cli path directory, Exception: Unexpected token END OF FILE at position 0.
	at browserstack.shaded.org.json.simple.parser.JSONParser.parse(Unknown Source)
	at browserstack.shaded.org.json.simple.parser.JSONParser.parse(Unknown Source)
	at browserstack.shaded.org.json.simple.parser.JSONParser.parse(Unknown Source)
	at com.browserstack.v2.SdkCliUtils.checkAndUpdateCli(Unknown Source)
	at com.browserstack.v2.SdkCliUtils.setupCliPath(Unknown Source)
	at com.browserstack.v2.SdkCLI.<clinit>(Unknown Source)
	at com.browserstack.monitoring.PerformanceTester.measure(Unknown Source)
	at com.browserstack.monitoring.PerformanceTester.end(Unknown Source)
	at com.browserstack.testNgListeners.BrowserstackSuiteListener.a(Unknown Source)
	at com.browserstack.testNgListeners.BrowserstackSuiteListener.onStart(Unknown Source)
	at org.testng.SuiteRunner.invokeListeners(SuiteRunner.java:213)
	at org.testng.SuiteRunner.run(SuiteRunner.java:274)
	at org.testng.SuiteRunnerWorker.runSuite(SuiteRunnerWorker.java:53)
	at org.testng.SuiteRunnerWorker.run(SuiteRunnerWorker.java:96)
	at org.testng.TestNG.runSuitesSequentially(TestNG.java:1212)
	at org.testng.TestNG.runSuitesLocally(TestNG.java:1134)
	at org.testng.TestNG.runSuites(TestNG.java:1063)
	at org.testng.TestNG.run(TestNG.java:1031)
	at org.testng.remote.AbstractRemoteTestNG.run(AbstractRemoteTestNG.java:115)
	at org.testng.remote.RemoteTestNG.initAndRun(RemoteTestNG.java:293)
	at org.testng.remote.RemoteTestNG.main(RemoteTestNG.java:91)

14:32:39.624 [main] DEBUG c.b.monitoring.PerformanceTester - Failed to append key metrics to file D:\gopal\workspace\Location Tool Automation\log\key-metrics.json
14:32:39.634 [main] DEBUG c.b.monitoring.PerformanceTester - Failed to append key metrics to file D:\gopal\workspace\Location Tool Automation\log\key-metrics.json
14:32:39.762 [main] DEBUG c.browserstack.utils.CurrentTestMap - Searching for Test Run ID for Thread: 1
14:32:39.762 [main] TRACE c.b.config.BrowserStackConfig - isGaugeTestOpsSession called with testObservabilityExplicit: false, framework: null, returning: false
14:32:39.773 [main] DEBUG c.browserstack.utils.CurrentTestMap - Searching for Test Run ID for Thread: 1
14:32:39.773 [main] TRACE c.b.config.BrowserStackConfig - isGaugeTestOpsSession called with testObservabilityExplicit: false, framework: null, returning: false
14:33:01.036 [main] DEBUG c.browserstack.utils.CurrentTestMap - Searching for Test Run ID for Thread: 1
14:33:01.036 [main] TRACE c.b.config.BrowserStackConfig - isGaugeTestOpsSession called with testObservabilityExplicit: false, framework: null, returning: false
14:33:01.039 [main] DEBUG c.browserstack.utils.CurrentTestMap - Searching for Test Run ID for Thread: 1
14:33:01.039 [main] TRACE c.b.config.BrowserStackConfig - isGaugeTestOpsSession called with testObservabilityExplicit: false, framework: null, returning: false
14:33:01.039 [main] TRACE c.b.config.BrowserStackConfig - isGaugeTestOpsSession called with testObservabilityExplicit: false, framework: null, returning: false
14:33:01.044 [main] DEBUG c.b.utils.FunnelInstrumentation - Error in getting Product:
java.lang.NullPointerException: Cannot invoke "String.equalsIgnoreCase(String)" because the return value of "com.browserstack.config.BrowserStackConfig.getFramework()" is null
	at com.browserstack.utils.FunnelInstrumentation.a(Unknown Source)
	at java.base/java.util.stream.MatchOps$1MatchSink.accept(MatchOps.java:90)
	at java.base/java.util.Spliterators$ArraySpliterator.tryAdvance(Spliterators.java:1034)
	at java.base/java.util.stream.ReferencePipeline.forEachWithCancel(ReferencePipeline.java:144)
	at java.base/java.util.stream.AbstractPipeline.copyIntoWithCancel(AbstractPipeline.java:574)
	at java.base/java.util.stream.AbstractPipeline.copyInto(AbstractPipeline.java:560)
	at java.base/java.util.stream.AbstractPipeline.wrapAndCopyInto(AbstractPipeline.java:546)
	at java.base/java.util.stream.MatchOps$MatchOp.evaluateSequential(MatchOps.java:230)
	at java.base/java.util.stream.MatchOps$MatchOp.evaluateSequential(MatchOps.java:196)
	at java.base/java.util.stream.AbstractPipeline.evaluate(AbstractPipeline.java:265)
	at java.base/java.util.stream.ReferencePipeline.anyMatch(ReferencePipeline.java:647)
	at com.browserstack.utils.FunnelInstrumentation.getProducts(Unknown Source)
	at com.browserstack.utils.FunnelInstrumentation.createParamsForEvent(Unknown Source)
	at com.browserstack.utils.FunnelInstrumentation.sendSDKEvent(Unknown Source)
	at com.browserstack.testNgListeners.TmpSuiteListener.onFinish(Unknown Source)
	at org.testng.TestRunner.fireEvent(TestRunner.java:923)
	at org.testng.TestRunner.afterRun(TestRunner.java:887)
	at org.testng.TestRunner.run(TestRunner.java:599)
	at org.testng.SuiteRunner.runTest(SuiteRunner.java:377)
	at org.testng.SuiteRunner.runSequentially(SuiteRunner.java:371)
	at org.testng.SuiteRunner.privateRun(SuiteRunner.java:332)
	at org.testng.SuiteRunner.run(SuiteRunner.java:276)
	at org.testng.SuiteRunnerWorker.runSuite(SuiteRunnerWorker.java:53)
	at org.testng.SuiteRunnerWorker.run(SuiteRunnerWorker.java:96)
	at org.testng.TestNG.runSuitesSequentially(TestNG.java:1212)
	at org.testng.TestNG.runSuitesLocally(TestNG.java:1134)
	at org.testng.TestNG.runSuites(TestNG.java:1063)
	at org.testng.TestNG.run(TestNG.java:1031)
	at org.testng.remote.AbstractRemoteTestNG.run(AbstractRemoteTestNG.java:115)
	at org.testng.remote.RemoteTestNG.initAndRun(RemoteTestNG.java:293)
	at org.testng.remote.RemoteTestNG.main(RemoteTestNG.java:91)
14:33:01.046 [main] TRACE c.b.config.BrowserStackConfig - isGaugeTestOpsSession called with testObservabilityExplicit: false, framework: null, returning: false
14:33:01.062 [main] DEBUG c.b.utils.FrameworkDetectionUtils - Couldn't find dependency class: appium
14:33:01.180 [main] DEBUG com.browserstack.testOps.UsageStats - getFormattedData: Collecting data for TestObservability
14:33:01.190 [main] TRACE c.b.config.BrowserStackConfig - isGaugeTestOpsSession called with testObservabilityExplicit: false, framework: null, returning: false
14:33:01.285 [main] TRACE c.b.t.TestOrchestrationUtils - getInstrumentationData: invoked
14:33:01.304 [main] DEBUG c.b.utils.FunnelInstrumentation - Sending funnel data for SDKTestSuccessful with data: {"event_type":"SDKTestSuccessful","accessKey":"[REDACTED]","userName":"[REDACTED]","event_properties":{"isPercyAutoEnabled":false,"language":"java","sdkRunId":"454e9ef9-08de-414d-8f85-53ab34b64474","buildIdentifier":"unknown","testhub_uuid":"","detectedAppiumVersion":"null","productMap":{"app_automate":false,"accessibility":null,"automate":true,"percy":false,"observability":false,"turboscale":false},"hostname":"DESKTOP-QVD64FI","measures":{"sdk:pre-test":0.03539997339248657},"productUsage":{"testObservability":{"buildHashedId":"","manuallySet":false,"enabled":false}},"browserStackConfig":{"browserstackLocal":null,"percy":false,"logLevel":"info","staticWebDriver":true,"autoDetectFramework":true,"percyCaptureMode":"AUTO","browserStackLocalOptions":null,"percyOptions":null,"testContextOptions":{"skipSessionName":false,"skipSessionStatus":false,"serenityOverridePlugin":false},"platforms":null,"parallelsPerPlatform":null,"framework":null,"accessibility":false,"accessibilityOptions":{},"turboScaleOptions":{},"disableAutoCaptureLogs":true,"testObservability":true,"browserstackAutomation":true,"turboScale":false,"testObservabilityOptions":{},"gradleMConfig":null,"proxySettings":null},"automationFrameworkVersion":null,"percyBuildId":null,"product":"[automate]","buildName":"unknown","os":"Windows 11","languageVersion":"22.0.1","appiumVersion":"null","frameworkDetectionInstrumentation":{},"detectedDependencies":"","referrer":"unknown","locationTrigger":"onFinish","accessibilityConfiguration":{"pollingTimeout":30},"language_framework":"unknown","testOrchestration":{"abortBuildOnFailure":{"enabled":false},"retryTestsOnFailure":{"enabled":false},"userConfig":{}},"detectedSeleniumVersion":"4.27.0","automationFramework":"selenium","seleniumVersion":"null"}}
14:33:01.895 [main] DEBUG c.b.utils.FunnelInstrumentation - API Event SDKTestSuccessful, response: {"message":"Unauthorized"}
14:33:01.895 [main] DEBUG c.b.monitoring.PerformanceTester - Failed to append key metrics to file D:\gopal\workspace\Location Tool Automation\log\key-metrics.json
14:33:01.898 [main] DEBUG c.browserstack.utils.CurrentTestMap - Searching for Test Run ID for Thread: 1
14:33:01.900 [main] TRACE c.b.config.BrowserStackConfig - isGaugeTestOpsSession called with testObservabilityExplicit: false, framework: null, returning: false
14:33:08.838 [main] DEBUG c.browserstack.utils.CurrentTestMap - Searching for Test Run ID for Thread: 1
14:33:08.838 [main] TRACE c.b.config.BrowserStackConfig - isGaugeTestOpsSession called with testObservabilityExplicit: false, framework: null, returning: false
14:33:08.841 [main] DEBUG c.browserstack.utils.CurrentTestMap - Searching for Test Run ID for Thread: 1
14:33:08.842 [main] TRACE c.b.config.BrowserStackConfig - isGaugeTestOpsSession called with testObservabilityExplicit: false, framework: null, returning: false
14:33:08.843 [main] TRACE c.b.config.BrowserStackConfig - isGaugeTestOpsSession called with testObservabilityExplicit: false, framework: null, returning: false
14:33:08.850 [main] DEBUG c.b.utils.FunnelInstrumentation - Error in getting Product:
java.lang.NullPointerException: Cannot invoke "String.equalsIgnoreCase(String)" because the return value of "com.browserstack.config.BrowserStackConfig.getFramework()" is null
	at com.browserstack.utils.FunnelInstrumentation.a(Unknown Source)
	at java.base/java.util.stream.MatchOps$1MatchSink.accept(MatchOps.java:90)
	at java.base/java.util.Spliterators$ArraySpliterator.tryAdvance(Spliterators.java:1034)
	at java.base/java.util.stream.ReferencePipeline.forEachWithCancel(ReferencePipeline.java:144)
	at java.base/java.util.stream.AbstractPipeline.copyIntoWithCancel(AbstractPipeline.java:574)
	at java.base/java.util.stream.AbstractPipeline.copyInto(AbstractPipeline.java:560)
	at java.base/java.util.stream.AbstractPipeline.wrapAndCopyInto(AbstractPipeline.java:546)
	at java.base/java.util.stream.MatchOps$MatchOp.evaluateSequential(MatchOps.java:230)
	at java.base/java.util.stream.MatchOps$MatchOp.evaluateSequential(MatchOps.java:196)
	at java.base/java.util.stream.AbstractPipeline.evaluate(AbstractPipeline.java:265)
	at java.base/java.util.stream.ReferencePipeline.anyMatch(ReferencePipeline.java:647)
	at com.browserstack.utils.FunnelInstrumentation.getProducts(Unknown Source)
	at com.browserstack.utils.FunnelInstrumentation.createParamsForEvent(Unknown Source)
	at com.browserstack.utils.FunnelInstrumentation.sendSDKEvent(Unknown Source)
	at com.browserstack.testNgListeners.TmpSuiteListener.onFinish(Unknown Source)
	at org.testng.TestRunner.fireEvent(TestRunner.java:923)
	at org.testng.TestRunner.afterRun(TestRunner.java:887)
	at org.testng.TestRunner.run(TestRunner.java:599)
	at org.testng.SuiteRunner.runTest(SuiteRunner.java:377)
	at org.testng.SuiteRunner.runSequentially(SuiteRunner.java:371)
	at org.testng.SuiteRunner.privateRun(SuiteRunner.java:332)
	at org.testng.SuiteRunner.run(SuiteRunner.java:276)
	at org.testng.SuiteRunnerWorker.runSuite(SuiteRunnerWorker.java:53)
	at org.testng.SuiteRunnerWorker.run(SuiteRunnerWorker.java:96)
	at org.testng.TestNG.runSuitesSequentially(TestNG.java:1212)
	at org.testng.TestNG.runSuitesLocally(TestNG.java:1134)
	at org.testng.TestNG.runSuites(TestNG.java:1063)
	at org.testng.TestNG.run(TestNG.java:1031)
	at org.testng.remote.AbstractRemoteTestNG.run(AbstractRemoteTestNG.java:115)
	at org.testng.remote.RemoteTestNG.initAndRun(RemoteTestNG.java:293)
	at org.testng.remote.RemoteTestNG.main(RemoteTestNG.java:91)
14:33:08.852 [main] TRACE c.b.config.BrowserStackConfig - isGaugeTestOpsSession called with testObservabilityExplicit: false, framework: null, returning: false
14:33:08.867 [main] DEBUG c.b.utils.FrameworkDetectionUtils - Couldn't find dependency class: appium
14:33:08.981 [main] DEBUG com.browserstack.testOps.UsageStats - getFormattedData: Collecting data for TestObservability
14:33:08.981 [main] TRACE c.b.config.BrowserStackConfig - isGaugeTestOpsSession called with testObservabilityExplicit: false, framework: null, returning: false
14:33:09.080 [main] TRACE c.b.t.TestOrchestrationUtils - getInstrumentationData: invoked
14:33:09.105 [main] DEBUG c.b.utils.FunnelInstrumentation - Sending funnel data for SDKTestSuccessful with data: {"event_type":"SDKTestSuccessful","accessKey":"[REDACTED]","userName":"[REDACTED]","event_properties":{"isPercyAutoEnabled":false,"language":"java","sdkRunId":"3f9c1ffb-f592-4a3c-83ca-b56740e3efae","buildIdentifier":"unknown","testhub_uuid":"","detectedAppiumVersion":"null","productMap":{"app_automate":false,"accessibility":null,"automate":true,"percy":false,"observability":false,"turboscale":false},"hostname":"DESKTOP-QVD64FI","measures":{"sdk:pre-test":0.057000041007995605},"productUsage":{"testObservability":{"buildHashedId":"","manuallySet":false,"enabled":false}},"browserStackConfig":{"browserstackLocal":null,"percy":false,"logLevel":"info","staticWebDriver":true,"autoDetectFramework":true,"percyCaptureMode":"AUTO","browserStackLocalOptions":null,"percyOptions":null,"testContextOptions":{"skipSessionName":false,"skipSessionStatus":false,"serenityOverridePlugin":false},"platforms":null,"parallelsPerPlatform":null,"framework":null,"accessibility":false,"accessibilityOptions":{},"turboScaleOptions":{},"disableAutoCaptureLogs":true,"testObservability":true,"browserstackAutomation":true,"turboScale":false,"testObservabilityOptions":{},"gradleMConfig":null,"proxySettings":null},"automationFrameworkVersion":null,"percyBuildId":null,"product":"[automate]","buildName":"unknown","os":"Windows 11","languageVersion":"22.0.1","appiumVersion":"null","frameworkDetectionInstrumentation":{},"detectedDependencies":"","referrer":"unknown","locationTrigger":"onFinish","accessibilityConfiguration":{"pollingTimeout":30},"language_framework":"unknown","testOrchestration":{"abortBuildOnFailure":{"enabled":false},"retryTestsOnFailure":{"enabled":false},"userConfig":{}},"detectedSeleniumVersion":"4.27.0","automationFramework":"selenium","seleniumVersion":"null"}}
14:33:09.693 [main] DEBUG c.b.utils.FunnelInstrumentation - API Event SDKTestSuccessful, response: {"message":"Unauthorized"}
14:33:09.693 [main] DEBUG c.b.monitoring.PerformanceTester - Failed to append key metrics to file D:\gopal\workspace\Location Tool Automation\log\key-metrics.json
14:33:09.699 [main] DEBUG c.browserstack.utils.CurrentTestMap - Searching for Test Run ID for Thread: 1
14:33:09.699 [main] TRACE c.b.config.BrowserStackConfig - isGaugeTestOpsSession called with testObservabilityExplicit: false, framework: null, returning: false
14:34:03.282 [main] TRACE c.b.config.BrowserStackConfig - isGaugeTestOpsSession called with testObservabilityExplicit: false, framework: null, returning: false
14:34:03.285 [main] WARN  c.b.config.BrowserStackConfig - Test Observability could not be enabled because framework detected is null. We currently support frameworks testng, cucumber-testng & serenity
14:34:03.798 [main] DEBUG com.browserstack.v2.SdkCliUtils - File C:\Users\GopalSakhiya\.browserstack already exist
14:34:03.800 [main] DEBUG com.browserstack.v2.SdkCliUtils - getExistingCliPath: no binary found
14:34:03.800 [main] DEBUG com.browserstack.v2.SdkCliUtils - Current CLI Path Found: 
14:34:04.772 [main] ERROR com.browserstack.v2.SdkCliUtils - Error in setting up cli path directory, Exception: Unexpected token END OF FILE at position 0.
	at browserstack.shaded.org.json.simple.parser.JSONParser.parse(Unknown Source)
	at browserstack.shaded.org.json.simple.parser.JSONParser.parse(Unknown Source)
	at browserstack.shaded.org.json.simple.parser.JSONParser.parse(Unknown Source)
	at com.browserstack.v2.SdkCliUtils.checkAndUpdateCli(Unknown Source)
	at com.browserstack.v2.SdkCliUtils.setupCliPath(Unknown Source)
	at com.browserstack.v2.SdkCLI.<clinit>(Unknown Source)
	at com.browserstack.monitoring.PerformanceTester.measure(Unknown Source)
	at com.browserstack.monitoring.PerformanceTester.end(Unknown Source)
	at com.browserstack.testNgListeners.BrowserstackSuiteListener.a(Unknown Source)
	at com.browserstack.testNgListeners.BrowserstackSuiteListener.onStart(Unknown Source)
	at org.testng.SuiteRunner.invokeListeners(SuiteRunner.java:213)
	at org.testng.SuiteRunner.run(SuiteRunner.java:274)
	at org.testng.SuiteRunnerWorker.runSuite(SuiteRunnerWorker.java:53)
	at org.testng.SuiteRunnerWorker.run(SuiteRunnerWorker.java:96)
	at org.testng.TestNG.runSuitesSequentially(TestNG.java:1212)
	at org.testng.TestNG.runSuitesLocally(TestNG.java:1134)
	at org.testng.TestNG.runSuites(TestNG.java:1063)
	at org.testng.TestNG.run(TestNG.java:1031)
	at org.testng.remote.AbstractRemoteTestNG.run(AbstractRemoteTestNG.java:115)
	at org.testng.remote.RemoteTestNG.initAndRun(RemoteTestNG.java:293)
	at org.testng.remote.RemoteTestNG.main(RemoteTestNG.java:91)

14:34:04.794 [main] DEBUG c.b.monitoring.PerformanceTester - Failed to append key metrics to file D:\gopal\workspace\Location Tool Automation\log\key-metrics.json
14:34:04.867 [main] DEBUG c.browserstack.utils.CurrentTestMap - Searching for Test Run ID for Thread: 1
14:34:04.867 [main] TRACE c.b.config.BrowserStackConfig - isGaugeTestOpsSession called with testObservabilityExplicit: false, framework: null, returning: false
14:34:43.002 [main] DEBUG c.browserstack.utils.CurrentTestMap - Searching for Test Run ID for Thread: 1
14:34:43.002 [main] TRACE c.b.config.BrowserStackConfig - isGaugeTestOpsSession called with testObservabilityExplicit: false, framework: null, returning: false
14:34:43.006 [main] DEBUG c.browserstack.utils.CurrentTestMap - Searching for Test Run ID for Thread: 1
14:34:43.006 [main] TRACE c.b.config.BrowserStackConfig - isGaugeTestOpsSession called with testObservabilityExplicit: false, framework: null, returning: false
14:34:43.007 [main] TRACE c.b.config.BrowserStackConfig - isGaugeTestOpsSession called with testObservabilityExplicit: false, framework: null, returning: false
14:34:43.011 [main] DEBUG c.b.utils.FunnelInstrumentation - Error in getting Product:
java.lang.NullPointerException: Cannot invoke "String.equalsIgnoreCase(String)" because the return value of "com.browserstack.config.BrowserStackConfig.getFramework()" is null
	at com.browserstack.utils.FunnelInstrumentation.a(Unknown Source)
	at java.base/java.util.stream.MatchOps$1MatchSink.accept(MatchOps.java:90)
	at java.base/java.util.Spliterators$ArraySpliterator.tryAdvance(Spliterators.java:1034)
	at java.base/java.util.stream.ReferencePipeline.forEachWithCancel(ReferencePipeline.java:144)
	at java.base/java.util.stream.AbstractPipeline.copyIntoWithCancel(AbstractPipeline.java:574)
	at java.base/java.util.stream.AbstractPipeline.copyInto(AbstractPipeline.java:560)
	at java.base/java.util.stream.AbstractPipeline.wrapAndCopyInto(AbstractPipeline.java:546)
	at java.base/java.util.stream.MatchOps$MatchOp.evaluateSequential(MatchOps.java:230)
	at java.base/java.util.stream.MatchOps$MatchOp.evaluateSequential(MatchOps.java:196)
	at java.base/java.util.stream.AbstractPipeline.evaluate(AbstractPipeline.java:265)
	at java.base/java.util.stream.ReferencePipeline.anyMatch(ReferencePipeline.java:647)
	at com.browserstack.utils.FunnelInstrumentation.getProducts(Unknown Source)
	at com.browserstack.utils.FunnelInstrumentation.createParamsForEvent(Unknown Source)
	at com.browserstack.utils.FunnelInstrumentation.sendSDKEvent(Unknown Source)
	at com.browserstack.testNgListeners.TmpSuiteListener.onFinish(Unknown Source)
	at org.testng.TestRunner.fireEvent(TestRunner.java:923)
	at org.testng.TestRunner.afterRun(TestRunner.java:887)
	at org.testng.TestRunner.run(TestRunner.java:599)
	at org.testng.SuiteRunner.runTest(SuiteRunner.java:377)
	at org.testng.SuiteRunner.runSequentially(SuiteRunner.java:371)
	at org.testng.SuiteRunner.privateRun(SuiteRunner.java:332)
	at org.testng.SuiteRunner.run(SuiteRunner.java:276)
	at org.testng.SuiteRunnerWorker.runSuite(SuiteRunnerWorker.java:53)
	at org.testng.SuiteRunnerWorker.run(SuiteRunnerWorker.java:96)
	at org.testng.TestNG.runSuitesSequentially(TestNG.java:1212)
	at org.testng.TestNG.runSuitesLocally(TestNG.java:1134)
	at org.testng.TestNG.runSuites(TestNG.java:1063)
	at org.testng.TestNG.run(TestNG.java:1031)
	at org.testng.remote.AbstractRemoteTestNG.run(AbstractRemoteTestNG.java:115)
	at org.testng.remote.RemoteTestNG.initAndRun(RemoteTestNG.java:293)
	at org.testng.remote.RemoteTestNG.main(RemoteTestNG.java:91)
14:34:43.014 [main] TRACE c.b.config.BrowserStackConfig - isGaugeTestOpsSession called with testObservabilityExplicit: false, framework: null, returning: false
14:34:43.028 [main] DEBUG c.b.utils.FrameworkDetectionUtils - Couldn't find dependency class: appium
14:34:43.105 [main] DEBUG com.browserstack.testOps.UsageStats - getFormattedData: Collecting data for TestObservability
14:34:43.106 [main] TRACE c.b.config.BrowserStackConfig - isGaugeTestOpsSession called with testObservabilityExplicit: false, framework: null, returning: false
14:34:43.153 [main] TRACE c.b.t.TestOrchestrationUtils - getInstrumentationData: invoked
14:34:43.162 [main] DEBUG c.b.utils.FunnelInstrumentation - Sending funnel data for SDKTestSuccessful with data: {"event_type":"SDKTestSuccessful","accessKey":"[REDACTED]","userName":"[REDACTED]","event_properties":{"isPercyAutoEnabled":false,"language":"java","sdkRunId":"e4111ea3-3698-42a3-a761-4769ffe76d09","buildIdentifier":"unknown","testhub_uuid":"","detectedAppiumVersion":"null","productMap":{"app_automate":false,"accessibility":null,"automate":true,"percy":false,"observability":false,"turboscale":false},"hostname":"DESKTOP-QVD64FI","measures":{"sdk:pre-test":0.06770002841949463},"productUsage":{"testObservability":{"buildHashedId":"","manuallySet":false,"enabled":false}},"browserStackConfig":{"browserstackLocal":null,"percy":false,"logLevel":"info","staticWebDriver":true,"autoDetectFramework":true,"percyCaptureMode":"AUTO","browserStackLocalOptions":null,"percyOptions":null,"testContextOptions":{"skipSessionName":false,"skipSessionStatus":false,"serenityOverridePlugin":false},"platforms":null,"parallelsPerPlatform":null,"framework":null,"accessibility":false,"accessibilityOptions":{},"turboScaleOptions":{},"disableAutoCaptureLogs":true,"testObservability":true,"browserstackAutomation":true,"turboScale":false,"testObservabilityOptions":{},"gradleMConfig":null,"proxySettings":null},"automationFrameworkVersion":null,"percyBuildId":null,"product":"[automate]","buildName":"unknown","os":"Windows 11","languageVersion":"22.0.1","appiumVersion":"null","frameworkDetectionInstrumentation":{},"detectedDependencies":"","referrer":"unknown","locationTrigger":"onFinish","accessibilityConfiguration":{"pollingTimeout":30},"language_framework":"unknown","testOrchestration":{"abortBuildOnFailure":{"enabled":false},"retryTestsOnFailure":{"enabled":false},"userConfig":{}},"detectedSeleniumVersion":"4.27.0","automationFramework":"selenium","seleniumVersion":"null"}}
14:34:43.901 [main] DEBUG c.b.utils.FunnelInstrumentation - API Event SDKTestSuccessful, response: {"message":"Unauthorized"}
14:34:43.904 [main] DEBUG c.b.monitoring.PerformanceTester - Failed to append key metrics to file D:\gopal\workspace\Location Tool Automation\log\key-metrics.json
14:34:43.909 [main] DEBUG c.browserstack.utils.CurrentTestMap - Searching for Test Run ID for Thread: 1
14:34:43.910 [main] TRACE c.b.config.BrowserStackConfig - isGaugeTestOpsSession called with testObservabilityExplicit: false, framework: null, returning: false
14:49:16.751 [main] TRACE c.b.config.BrowserStackConfig - isGaugeTestOpsSession called with testObservabilityExplicit: false, framework: null, returning: false
14:49:16.754 [main] WARN  c.b.config.BrowserStackConfig - Test Observability could not be enabled because framework detected is null. We currently support frameworks testng, cucumber-testng & serenity
14:49:17.263 [main] DEBUG com.browserstack.v2.SdkCliUtils - File C:\Users\GopalSakhiya\.browserstack already exist
14:49:17.266 [main] DEBUG com.browserstack.v2.SdkCliUtils - getExistingCliPath: no binary found
14:49:17.266 [main] DEBUG com.browserstack.v2.SdkCliUtils - Current CLI Path Found: 
14:49:18.191 [main] ERROR com.browserstack.v2.SdkCliUtils - Error in setting up cli path directory, Exception: Unexpected token END OF FILE at position 0.
	at browserstack.shaded.org.json.simple.parser.JSONParser.parse(Unknown Source)
	at browserstack.shaded.org.json.simple.parser.JSONParser.parse(Unknown Source)
	at browserstack.shaded.org.json.simple.parser.JSONParser.parse(Unknown Source)
	at com.browserstack.v2.SdkCliUtils.checkAndUpdateCli(Unknown Source)
	at com.browserstack.v2.SdkCliUtils.setupCliPath(Unknown Source)
	at com.browserstack.v2.SdkCLI.<clinit>(Unknown Source)
	at com.browserstack.monitoring.PerformanceTester.measure(Unknown Source)
	at com.browserstack.monitoring.PerformanceTester.end(Unknown Source)
	at com.browserstack.testNgListeners.BrowserstackSuiteListener.a(Unknown Source)
	at com.browserstack.testNgListeners.BrowserstackSuiteListener.onStart(Unknown Source)
	at org.testng.SuiteRunner.invokeListeners(SuiteRunner.java:213)
	at org.testng.SuiteRunner.run(SuiteRunner.java:274)
	at org.testng.SuiteRunnerWorker.runSuite(SuiteRunnerWorker.java:53)
	at org.testng.SuiteRunnerWorker.run(SuiteRunnerWorker.java:96)
	at org.testng.TestNG.runSuitesSequentially(TestNG.java:1212)
	at org.testng.TestNG.runSuitesLocally(TestNG.java:1134)
	at org.testng.TestNG.runSuites(TestNG.java:1063)
	at org.testng.TestNG.run(TestNG.java:1031)
	at org.testng.remote.AbstractRemoteTestNG.run(AbstractRemoteTestNG.java:115)
	at org.testng.remote.RemoteTestNG.initAndRun(RemoteTestNG.java:293)
	at org.testng.remote.RemoteTestNG.main(RemoteTestNG.java:91)

14:49:18.210 [main] DEBUG c.b.monitoring.PerformanceTester - Failed to append key metrics to file D:\gopal\workspace\Location Tool Automation\log\key-metrics.json
14:49:18.319 [main] DEBUG c.browserstack.utils.CurrentTestMap - Searching for Test Run ID for Thread: 1
14:49:18.319 [main] TRACE c.b.config.BrowserStackConfig - isGaugeTestOpsSession called with testObservabilityExplicit: false, framework: null, returning: false
14:49:56.832 [main] DEBUG c.browserstack.utils.CurrentTestMap - Searching for Test Run ID for Thread: 1
14:49:56.832 [main] TRACE c.b.config.BrowserStackConfig - isGaugeTestOpsSession called with testObservabilityExplicit: false, framework: null, returning: false
14:49:56.835 [main] DEBUG c.browserstack.utils.CurrentTestMap - Searching for Test Run ID for Thread: 1
14:49:56.835 [main] TRACE c.b.config.BrowserStackConfig - isGaugeTestOpsSession called with testObservabilityExplicit: false, framework: null, returning: false
14:49:56.835 [main] TRACE c.b.config.BrowserStackConfig - isGaugeTestOpsSession called with testObservabilityExplicit: false, framework: null, returning: false
14:49:56.841 [main] DEBUG c.b.utils.FunnelInstrumentation - Error in getting Product:
java.lang.NullPointerException: Cannot invoke "String.equalsIgnoreCase(String)" because the return value of "com.browserstack.config.BrowserStackConfig.getFramework()" is null
	at com.browserstack.utils.FunnelInstrumentation.a(Unknown Source)
	at java.base/java.util.stream.MatchOps$1MatchSink.accept(MatchOps.java:90)
	at java.base/java.util.Spliterators$ArraySpliterator.tryAdvance(Spliterators.java:1034)
	at java.base/java.util.stream.ReferencePipeline.forEachWithCancel(ReferencePipeline.java:144)
	at java.base/java.util.stream.AbstractPipeline.copyIntoWithCancel(AbstractPipeline.java:574)
	at java.base/java.util.stream.AbstractPipeline.copyInto(AbstractPipeline.java:560)
	at java.base/java.util.stream.AbstractPipeline.wrapAndCopyInto(AbstractPipeline.java:546)
	at java.base/java.util.stream.MatchOps$MatchOp.evaluateSequential(MatchOps.java:230)
	at java.base/java.util.stream.MatchOps$MatchOp.evaluateSequential(MatchOps.java:196)
	at java.base/java.util.stream.AbstractPipeline.evaluate(AbstractPipeline.java:265)
	at java.base/java.util.stream.ReferencePipeline.anyMatch(ReferencePipeline.java:647)
	at com.browserstack.utils.FunnelInstrumentation.getProducts(Unknown Source)
	at com.browserstack.utils.FunnelInstrumentation.createParamsForEvent(Unknown Source)
	at com.browserstack.utils.FunnelInstrumentation.sendSDKEvent(Unknown Source)
	at com.browserstack.testNgListeners.TmpSuiteListener.onFinish(Unknown Source)
	at org.testng.TestRunner.fireEvent(TestRunner.java:923)
	at org.testng.TestRunner.afterRun(TestRunner.java:887)
	at org.testng.TestRunner.run(TestRunner.java:599)
	at org.testng.SuiteRunner.runTest(SuiteRunner.java:377)
	at org.testng.SuiteRunner.runSequentially(SuiteRunner.java:371)
	at org.testng.SuiteRunner.privateRun(SuiteRunner.java:332)
	at org.testng.SuiteRunner.run(SuiteRunner.java:276)
	at org.testng.SuiteRunnerWorker.runSuite(SuiteRunnerWorker.java:53)
	at org.testng.SuiteRunnerWorker.run(SuiteRunnerWorker.java:96)
	at org.testng.TestNG.runSuitesSequentially(TestNG.java:1212)
	at org.testng.TestNG.runSuitesLocally(TestNG.java:1134)
	at org.testng.TestNG.runSuites(TestNG.java:1063)
	at org.testng.TestNG.run(TestNG.java:1031)
	at org.testng.remote.AbstractRemoteTestNG.run(AbstractRemoteTestNG.java:115)
	at org.testng.remote.RemoteTestNG.initAndRun(RemoteTestNG.java:293)
	at org.testng.remote.RemoteTestNG.main(RemoteTestNG.java:91)
14:49:56.844 [main] TRACE c.b.config.BrowserStackConfig - isGaugeTestOpsSession called with testObservabilityExplicit: false, framework: null, returning: false
14:49:56.860 [main] DEBUG c.b.utils.FrameworkDetectionUtils - Couldn't find dependency class: appium
14:49:56.986 [main] DEBUG com.browserstack.testOps.UsageStats - getFormattedData: Collecting data for TestObservability
14:49:56.986 [main] TRACE c.b.config.BrowserStackConfig - isGaugeTestOpsSession called with testObservabilityExplicit: false, framework: null, returning: false
14:49:57.082 [main] TRACE c.b.t.TestOrchestrationUtils - getInstrumentationData: invoked
14:49:57.117 [main] DEBUG c.b.utils.FunnelInstrumentation - Sending funnel data for SDKTestSuccessful with data: {"event_type":"SDKTestSuccessful","accessKey":"[REDACTED]","userName":"[REDACTED]","event_properties":{"isPercyAutoEnabled":false,"language":"java","sdkRunId":"2e76c27c-1004-4783-a849-7b7657fe267c","buildIdentifier":"unknown","testhub_uuid":"","detectedAppiumVersion":"null","productMap":{"app_automate":false,"accessibility":null,"automate":true,"percy":false,"observability":false,"turboscale":false},"hostname":"DESKTOP-QVD64FI","measures":{"sdk:pre-test":0.02790004014968872},"productUsage":{"testObservability":{"buildHashedId":"","manuallySet":false,"enabled":false}},"browserStackConfig":{"browserstackLocal":null,"percy":false,"logLevel":"info","staticWebDriver":true,"autoDetectFramework":true,"percyCaptureMode":"AUTO","browserStackLocalOptions":null,"percyOptions":null,"testContextOptions":{"skipSessionName":false,"skipSessionStatus":false,"serenityOverridePlugin":false},"platforms":null,"parallelsPerPlatform":null,"framework":null,"accessibility":false,"accessibilityOptions":{},"turboScaleOptions":{},"disableAutoCaptureLogs":true,"testObservability":true,"browserstackAutomation":true,"turboScale":false,"testObservabilityOptions":{},"gradleMConfig":null,"proxySettings":null},"automationFrameworkVersion":null,"percyBuildId":null,"product":"[automate]","buildName":"unknown","os":"Windows 11","languageVersion":"22.0.1","appiumVersion":"null","frameworkDetectionInstrumentation":{},"detectedDependencies":"","referrer":"unknown","locationTrigger":"onFinish","accessibilityConfiguration":{"pollingTimeout":30},"language_framework":"unknown","testOrchestration":{"abortBuildOnFailure":{"enabled":false},"retryTestsOnFailure":{"enabled":false},"userConfig":{}},"detectedSeleniumVersion":"4.27.0","automationFramework":"selenium","seleniumVersion":"null"}}
14:49:57.726 [main] DEBUG c.b.utils.FunnelInstrumentation - API Event SDKTestSuccessful, response: {"message":"Unauthorized"}
14:49:57.726 [main] DEBUG c.b.monitoring.PerformanceTester - Failed to append key metrics to file D:\gopal\workspace\Location Tool Automation\log\key-metrics.json
14:49:57.736 [main] DEBUG c.browserstack.utils.CurrentTestMap - Searching for Test Run ID for Thread: 1
14:49:57.741 [main] TRACE c.b.config.BrowserStackConfig - isGaugeTestOpsSession called with testObservabilityExplicit: false, framework: null, returning: false
14:51:35.159 [main] TRACE c.b.config.BrowserStackConfig - isGaugeTestOpsSession called with testObservabilityExplicit: false, framework: null, returning: false
14:51:35.162 [main] WARN  c.b.config.BrowserStackConfig - Test Observability could not be enabled because framework detected is null. We currently support frameworks testng, cucumber-testng & serenity
14:51:35.709 [main] DEBUG com.browserstack.v2.SdkCliUtils - File C:\Users\GopalSakhiya\.browserstack already exist
14:51:35.710 [main] DEBUG com.browserstack.v2.SdkCliUtils - getExistingCliPath: no binary found
14:51:35.710 [main] DEBUG com.browserstack.v2.SdkCliUtils - Current CLI Path Found: 
14:51:36.760 [main] ERROR com.browserstack.v2.SdkCliUtils - Error in setting up cli path directory, Exception: Unexpected token END OF FILE at position 0.
	at browserstack.shaded.org.json.simple.parser.JSONParser.parse(Unknown Source)
	at browserstack.shaded.org.json.simple.parser.JSONParser.parse(Unknown Source)
	at browserstack.shaded.org.json.simple.parser.JSONParser.parse(Unknown Source)
	at com.browserstack.v2.SdkCliUtils.checkAndUpdateCli(Unknown Source)
	at com.browserstack.v2.SdkCliUtils.setupCliPath(Unknown Source)
	at com.browserstack.v2.SdkCLI.<clinit>(Unknown Source)
	at com.browserstack.monitoring.PerformanceTester.measure(Unknown Source)
	at com.browserstack.monitoring.PerformanceTester.end(Unknown Source)
	at com.browserstack.testNgListeners.BrowserstackSuiteListener.a(Unknown Source)
	at com.browserstack.testNgListeners.BrowserstackSuiteListener.onStart(Unknown Source)
	at org.testng.SuiteRunner.invokeListeners(SuiteRunner.java:213)
	at org.testng.SuiteRunner.run(SuiteRunner.java:274)
	at org.testng.SuiteRunnerWorker.runSuite(SuiteRunnerWorker.java:53)
	at org.testng.SuiteRunnerWorker.run(SuiteRunnerWorker.java:96)
	at org.testng.TestNG.runSuitesSequentially(TestNG.java:1212)
	at org.testng.TestNG.runSuitesLocally(TestNG.java:1134)
	at org.testng.TestNG.runSuites(TestNG.java:1063)
	at org.testng.TestNG.run(TestNG.java:1031)
	at org.testng.remote.AbstractRemoteTestNG.run(AbstractRemoteTestNG.java:115)
	at org.testng.remote.RemoteTestNG.initAndRun(RemoteTestNG.java:293)
	at org.testng.remote.RemoteTestNG.main(RemoteTestNG.java:91)

14:51:36.781 [main] DEBUG c.b.monitoring.PerformanceTester - Failed to append key metrics to file D:\gopal\workspace\Location Tool Automation\log\key-metrics.json
14:51:36.841 [main] DEBUG c.browserstack.utils.CurrentTestMap - Searching for Test Run ID for Thread: 1
14:51:36.841 [main] TRACE c.b.config.BrowserStackConfig - isGaugeTestOpsSession called with testObservabilityExplicit: false, framework: null, returning: false
14:52:08.631 [main] DEBUG c.browserstack.utils.CurrentTestMap - Searching for Test Run ID for Thread: 1
14:52:08.631 [main] TRACE c.b.config.BrowserStackConfig - isGaugeTestOpsSession called with testObservabilityExplicit: false, framework: null, returning: false
14:52:08.634 [main] DEBUG c.browserstack.utils.CurrentTestMap - Searching for Test Run ID for Thread: 1
14:52:08.634 [main] TRACE c.b.config.BrowserStackConfig - isGaugeTestOpsSession called with testObservabilityExplicit: false, framework: null, returning: false
14:52:08.634 [main] TRACE c.b.config.BrowserStackConfig - isGaugeTestOpsSession called with testObservabilityExplicit: false, framework: null, returning: false
14:52:08.639 [main] DEBUG c.b.utils.FunnelInstrumentation - Error in getting Product:
java.lang.NullPointerException: Cannot invoke "String.equalsIgnoreCase(String)" because the return value of "com.browserstack.config.BrowserStackConfig.getFramework()" is null
	at com.browserstack.utils.FunnelInstrumentation.a(Unknown Source)
	at java.base/java.util.stream.MatchOps$1MatchSink.accept(MatchOps.java:90)
	at java.base/java.util.Spliterators$ArraySpliterator.tryAdvance(Spliterators.java:1034)
	at java.base/java.util.stream.ReferencePipeline.forEachWithCancel(ReferencePipeline.java:144)
	at java.base/java.util.stream.AbstractPipeline.copyIntoWithCancel(AbstractPipeline.java:574)
	at java.base/java.util.stream.AbstractPipeline.copyInto(AbstractPipeline.java:560)
	at java.base/java.util.stream.AbstractPipeline.wrapAndCopyInto(AbstractPipeline.java:546)
	at java.base/java.util.stream.MatchOps$MatchOp.evaluateSequential(MatchOps.java:230)
	at java.base/java.util.stream.MatchOps$MatchOp.evaluateSequential(MatchOps.java:196)
	at java.base/java.util.stream.AbstractPipeline.evaluate(AbstractPipeline.java:265)
	at java.base/java.util.stream.ReferencePipeline.anyMatch(ReferencePipeline.java:647)
	at com.browserstack.utils.FunnelInstrumentation.getProducts(Unknown Source)
	at com.browserstack.utils.FunnelInstrumentation.createParamsForEvent(Unknown Source)
	at com.browserstack.utils.FunnelInstrumentation.sendSDKEvent(Unknown Source)
	at com.browserstack.testNgListeners.TmpSuiteListener.onFinish(Unknown Source)
	at org.testng.TestRunner.fireEvent(TestRunner.java:923)
	at org.testng.TestRunner.afterRun(TestRunner.java:887)
	at org.testng.TestRunner.run(TestRunner.java:599)
	at org.testng.SuiteRunner.runTest(SuiteRunner.java:377)
	at org.testng.SuiteRunner.runSequentially(SuiteRunner.java:371)
	at org.testng.SuiteRunner.privateRun(SuiteRunner.java:332)
	at org.testng.SuiteRunner.run(SuiteRunner.java:276)
	at org.testng.SuiteRunnerWorker.runSuite(SuiteRunnerWorker.java:53)
	at org.testng.SuiteRunnerWorker.run(SuiteRunnerWorker.java:96)
	at org.testng.TestNG.runSuitesSequentially(TestNG.java:1212)
	at org.testng.TestNG.runSuitesLocally(TestNG.java:1134)
	at org.testng.TestNG.runSuites(TestNG.java:1063)
	at org.testng.TestNG.run(TestNG.java:1031)
	at org.testng.remote.AbstractRemoteTestNG.run(AbstractRemoteTestNG.java:115)
	at org.testng.remote.RemoteTestNG.initAndRun(RemoteTestNG.java:293)
	at org.testng.remote.RemoteTestNG.main(RemoteTestNG.java:91)
14:52:08.641 [main] TRACE c.b.config.BrowserStackConfig - isGaugeTestOpsSession called with testObservabilityExplicit: false, framework: null, returning: false
14:52:08.655 [main] DEBUG c.b.utils.FrameworkDetectionUtils - Couldn't find dependency class: appium
14:52:08.786 [main] DEBUG com.browserstack.testOps.UsageStats - getFormattedData: Collecting data for TestObservability
14:52:08.786 [main] TRACE c.b.config.BrowserStackConfig - isGaugeTestOpsSession called with testObservabilityExplicit: false, framework: null, returning: false
14:52:08.867 [main] TRACE c.b.t.TestOrchestrationUtils - getInstrumentationData: invoked
14:52:08.891 [main] DEBUG c.b.utils.FunnelInstrumentation - Sending funnel data for SDKTestSuccessful with data: {"event_type":"SDKTestSuccessful","accessKey":"[REDACTED]","userName":"[REDACTED]","event_properties":{"isPercyAutoEnabled":false,"language":"java","sdkRunId":"7f929da9-4a99-465c-8784-912c6ccd8ee7","buildIdentifier":"unknown","testhub_uuid":"","detectedAppiumVersion":"null","productMap":{"app_automate":false,"accessibility":null,"automate":true,"percy":false,"observability":false,"turboscale":false},"hostname":"DESKTOP-QVD64FI","measures":{"sdk:pre-test":0.04530000686645508},"productUsage":{"testObservability":{"buildHashedId":"","manuallySet":false,"enabled":false}},"browserStackConfig":{"browserstackLocal":null,"percy":false,"logLevel":"info","staticWebDriver":true,"autoDetectFramework":true,"percyCaptureMode":"AUTO","browserStackLocalOptions":null,"percyOptions":null,"testContextOptions":{"skipSessionName":false,"skipSessionStatus":false,"serenityOverridePlugin":false},"platforms":null,"parallelsPerPlatform":null,"framework":null,"accessibility":false,"accessibilityOptions":{},"turboScaleOptions":{},"disableAutoCaptureLogs":true,"testObservability":true,"browserstackAutomation":true,"turboScale":false,"testObservabilityOptions":{},"gradleMConfig":null,"proxySettings":null},"automationFrameworkVersion":null,"percyBuildId":null,"product":"[automate]","buildName":"unknown","os":"Windows 11","languageVersion":"22.0.1","appiumVersion":"null","frameworkDetectionInstrumentation":{},"detectedDependencies":"","referrer":"unknown","locationTrigger":"onFinish","accessibilityConfiguration":{"pollingTimeout":30},"language_framework":"unknown","testOrchestration":{"abortBuildOnFailure":{"enabled":false},"retryTestsOnFailure":{"enabled":false},"userConfig":{}},"detectedSeleniumVersion":"4.27.0","automationFramework":"selenium","seleniumVersion":"null"}}
14:52:12.686 [main] DEBUG c.b.utils.FunnelInstrumentation - API Event SDKTestSuccessful, response: {"message":"Unauthorized"}
14:52:12.686 [main] DEBUG c.b.monitoring.PerformanceTester - Failed to append key metrics to file D:\gopal\workspace\Location Tool Automation\log\key-metrics.json
14:52:12.699 [main] DEBUG c.browserstack.utils.CurrentTestMap - Searching for Test Run ID for Thread: 1
14:52:12.707 [main] TRACE c.b.config.BrowserStackConfig - isGaugeTestOpsSession called with testObservabilityExplicit: false, framework: null, returning: false
14:52:24.391 [main] TRACE c.b.config.BrowserStackConfig - isGaugeTestOpsSession called with testObservabilityExplicit: false, framework: null, returning: false
14:52:24.394 [main] WARN  c.b.config.BrowserStackConfig - Test Observability could not be enabled because framework detected is null. We currently support frameworks testng, cucumber-testng & serenity
14:52:24.885 [main] DEBUG com.browserstack.v2.SdkCliUtils - File C:\Users\GopalSakhiya\.browserstack already exist
14:52:24.886 [main] DEBUG com.browserstack.v2.SdkCliUtils - getExistingCliPath: no binary found
14:52:24.886 [main] DEBUG com.browserstack.v2.SdkCliUtils - Current CLI Path Found: 
14:52:26.014 [main] ERROR com.browserstack.v2.SdkCliUtils - Error in setting up cli path directory, Exception: Unexpected token END OF FILE at position 0.
	at browserstack.shaded.org.json.simple.parser.JSONParser.parse(Unknown Source)
	at browserstack.shaded.org.json.simple.parser.JSONParser.parse(Unknown Source)
	at browserstack.shaded.org.json.simple.parser.JSONParser.parse(Unknown Source)
	at com.browserstack.v2.SdkCliUtils.checkAndUpdateCli(Unknown Source)
	at com.browserstack.v2.SdkCliUtils.setupCliPath(Unknown Source)
	at com.browserstack.v2.SdkCLI.<clinit>(Unknown Source)
	at com.browserstack.monitoring.PerformanceTester.measure(Unknown Source)
	at com.browserstack.monitoring.PerformanceTester.end(Unknown Source)
	at com.browserstack.testNgListeners.BrowserstackSuiteListener.a(Unknown Source)
	at com.browserstack.testNgListeners.BrowserstackSuiteListener.onStart(Unknown Source)
	at org.testng.SuiteRunner.invokeListeners(SuiteRunner.java:213)
	at org.testng.SuiteRunner.run(SuiteRunner.java:274)
	at org.testng.SuiteRunnerWorker.runSuite(SuiteRunnerWorker.java:53)
	at org.testng.SuiteRunnerWorker.run(SuiteRunnerWorker.java:96)
	at org.testng.TestNG.runSuitesSequentially(TestNG.java:1212)
	at org.testng.TestNG.runSuitesLocally(TestNG.java:1134)
	at org.testng.TestNG.runSuites(TestNG.java:1063)
	at org.testng.TestNG.run(TestNG.java:1031)
	at org.testng.remote.AbstractRemoteTestNG.run(AbstractRemoteTestNG.java:115)
	at org.testng.remote.RemoteTestNG.initAndRun(RemoteTestNG.java:293)
	at org.testng.remote.RemoteTestNG.main(RemoteTestNG.java:91)

14:52:26.027 [main] DEBUG c.b.monitoring.PerformanceTester - Failed to append key metrics to file D:\gopal\workspace\Location Tool Automation\log\key-metrics.json
14:52:26.093 [main] DEBUG c.browserstack.utils.CurrentTestMap - Searching for Test Run ID for Thread: 1
14:52:26.093 [main] TRACE c.b.config.BrowserStackConfig - isGaugeTestOpsSession called with testObservabilityExplicit: false, framework: null, returning: false
14:52:48.171 [main] DEBUG c.browserstack.utils.CurrentTestMap - Searching for Test Run ID for Thread: 1
14:52:48.173 [main] TRACE c.b.config.BrowserStackConfig - isGaugeTestOpsSession called with testObservabilityExplicit: false, framework: null, returning: false
14:52:48.177 [main] DEBUG c.browserstack.utils.CurrentTestMap - Searching for Test Run ID for Thread: 1
14:52:48.177 [main] TRACE c.b.config.BrowserStackConfig - isGaugeTestOpsSession called with testObservabilityExplicit: false, framework: null, returning: false
14:52:48.178 [main] TRACE c.b.config.BrowserStackConfig - isGaugeTestOpsSession called with testObservabilityExplicit: false, framework: null, returning: false
14:52:48.183 [main] DEBUG c.b.utils.FunnelInstrumentation - Error in getting Product:
java.lang.NullPointerException: Cannot invoke "String.equalsIgnoreCase(String)" because the return value of "com.browserstack.config.BrowserStackConfig.getFramework()" is null
	at com.browserstack.utils.FunnelInstrumentation.a(Unknown Source)
	at java.base/java.util.stream.MatchOps$1MatchSink.accept(MatchOps.java:90)
	at java.base/java.util.Spliterators$ArraySpliterator.tryAdvance(Spliterators.java:1034)
	at java.base/java.util.stream.ReferencePipeline.forEachWithCancel(ReferencePipeline.java:144)
	at java.base/java.util.stream.AbstractPipeline.copyIntoWithCancel(AbstractPipeline.java:574)
	at java.base/java.util.stream.AbstractPipeline.copyInto(AbstractPipeline.java:560)
	at java.base/java.util.stream.AbstractPipeline.wrapAndCopyInto(AbstractPipeline.java:546)
	at java.base/java.util.stream.MatchOps$MatchOp.evaluateSequential(MatchOps.java:230)
	at java.base/java.util.stream.MatchOps$MatchOp.evaluateSequential(MatchOps.java:196)
	at java.base/java.util.stream.AbstractPipeline.evaluate(AbstractPipeline.java:265)
	at java.base/java.util.stream.ReferencePipeline.anyMatch(ReferencePipeline.java:647)
	at com.browserstack.utils.FunnelInstrumentation.getProducts(Unknown Source)
	at com.browserstack.utils.FunnelInstrumentation.createParamsForEvent(Unknown Source)
	at com.browserstack.utils.FunnelInstrumentation.sendSDKEvent(Unknown Source)
	at com.browserstack.testNgListeners.TmpSuiteListener.onFinish(Unknown Source)
	at org.testng.TestRunner.fireEvent(TestRunner.java:923)
	at org.testng.TestRunner.afterRun(TestRunner.java:887)
	at org.testng.TestRunner.run(TestRunner.java:599)
	at org.testng.SuiteRunner.runTest(SuiteRunner.java:377)
	at org.testng.SuiteRunner.runSequentially(SuiteRunner.java:371)
	at org.testng.SuiteRunner.privateRun(SuiteRunner.java:332)
	at org.testng.SuiteRunner.run(SuiteRunner.java:276)
	at org.testng.SuiteRunnerWorker.runSuite(SuiteRunnerWorker.java:53)
	at org.testng.SuiteRunnerWorker.run(SuiteRunnerWorker.java:96)
	at org.testng.TestNG.runSuitesSequentially(TestNG.java:1212)
	at org.testng.TestNG.runSuitesLocally(TestNG.java:1134)
	at org.testng.TestNG.runSuites(TestNG.java:1063)
	at org.testng.TestNG.run(TestNG.java:1031)
	at org.testng.remote.AbstractRemoteTestNG.run(AbstractRemoteTestNG.java:115)
	at org.testng.remote.RemoteTestNG.initAndRun(RemoteTestNG.java:293)
	at org.testng.remote.RemoteTestNG.main(RemoteTestNG.java:91)
14:52:48.186 [main] TRACE c.b.config.BrowserStackConfig - isGaugeTestOpsSession called with testObservabilityExplicit: false, framework: null, returning: false
14:52:48.217 [main] DEBUG c.b.utils.FrameworkDetectionUtils - Couldn't find dependency class: appium
14:52:48.343 [main] DEBUG com.browserstack.testOps.UsageStats - getFormattedData: Collecting data for TestObservability
14:52:48.343 [main] TRACE c.b.config.BrowserStackConfig - isGaugeTestOpsSession called with testObservabilityExplicit: false, framework: null, returning: false
14:52:48.457 [main] TRACE c.b.t.TestOrchestrationUtils - getInstrumentationData: invoked
14:52:48.490 [main] DEBUG c.b.utils.FunnelInstrumentation - Sending funnel data for SDKTestSuccessful with data: {"event_type":"SDKTestSuccessful","accessKey":"[REDACTED]","userName":"[REDACTED]","event_properties":{"isPercyAutoEnabled":false,"language":"java","sdkRunId":"a37cd29f-4b5e-4e39-9124-7ab3eaf6fd37","buildIdentifier":"unknown","testhub_uuid":"","detectedAppiumVersion":"null","productMap":{"app_automate":false,"accessibility":null,"automate":true,"percy":false,"observability":false,"turboscale":false},"hostname":"DESKTOP-QVD64FI","measures":{"sdk:pre-test":0.03390002250671387},"productUsage":{"testObservability":{"buildHashedId":"","manuallySet":false,"enabled":false}},"browserStackConfig":{"browserstackLocal":null,"percy":false,"logLevel":"info","staticWebDriver":true,"autoDetectFramework":true,"percyCaptureMode":"AUTO","browserStackLocalOptions":null,"percyOptions":null,"testContextOptions":{"skipSessionName":false,"skipSessionStatus":false,"serenityOverridePlugin":false},"platforms":null,"parallelsPerPlatform":null,"framework":null,"accessibility":false,"accessibilityOptions":{},"turboScaleOptions":{},"disableAutoCaptureLogs":true,"testObservability":true,"browserstackAutomation":true,"turboScale":false,"testObservabilityOptions":{},"gradleMConfig":null,"proxySettings":null},"automationFrameworkVersion":null,"percyBuildId":null,"product":"[automate]","buildName":"unknown","os":"Windows 11","languageVersion":"22.0.1","appiumVersion":"null","frameworkDetectionInstrumentation":{},"detectedDependencies":"","referrer":"unknown","locationTrigger":"onFinish","accessibilityConfiguration":{"pollingTimeout":30},"language_framework":"unknown","testOrchestration":{"abortBuildOnFailure":{"enabled":false},"retryTestsOnFailure":{"enabled":false},"userConfig":{}},"detectedSeleniumVersion":"4.27.0","automationFramework":"selenium","seleniumVersion":"null"}}
14:52:49.148 [main] DEBUG c.b.utils.FunnelInstrumentation - API Event SDKTestSuccessful, response: {"message":"Unauthorized"}
14:52:49.152 [main] DEBUG c.b.monitoring.PerformanceTester - Failed to append key metrics to file D:\gopal\workspace\Location Tool Automation\log\key-metrics.json
14:52:49.156 [main] DEBUG c.browserstack.utils.CurrentTestMap - Searching for Test Run ID for Thread: 1
14:52:49.159 [main] TRACE c.b.config.BrowserStackConfig - isGaugeTestOpsSession called with testObservabilityExplicit: false, framework: null, returning: false
14:53:21.243 [main] TRACE c.b.config.BrowserStackConfig - isGaugeTestOpsSession called with testObservabilityExplicit: false, framework: null, returning: false
14:53:21.246 [main] WARN  c.b.config.BrowserStackConfig - Test Observability could not be enabled because framework detected is null. We currently support frameworks testng, cucumber-testng & serenity
14:53:21.736 [main] DEBUG com.browserstack.v2.SdkCliUtils - File C:\Users\GopalSakhiya\.browserstack already exist
14:53:21.737 [main] DEBUG com.browserstack.v2.SdkCliUtils - getExistingCliPath: no binary found
14:53:21.737 [main] DEBUG com.browserstack.v2.SdkCliUtils - Current CLI Path Found: 
14:53:22.848 [main] ERROR com.browserstack.v2.SdkCliUtils - Error in setting up cli path directory, Exception: Unexpected token END OF FILE at position 0.
	at browserstack.shaded.org.json.simple.parser.JSONParser.parse(Unknown Source)
	at browserstack.shaded.org.json.simple.parser.JSONParser.parse(Unknown Source)
	at browserstack.shaded.org.json.simple.parser.JSONParser.parse(Unknown Source)
	at com.browserstack.v2.SdkCliUtils.checkAndUpdateCli(Unknown Source)
	at com.browserstack.v2.SdkCliUtils.setupCliPath(Unknown Source)
	at com.browserstack.v2.SdkCLI.<clinit>(Unknown Source)
	at com.browserstack.monitoring.PerformanceTester.measure(Unknown Source)
	at com.browserstack.monitoring.PerformanceTester.end(Unknown Source)
	at com.browserstack.testNgListeners.BrowserstackSuiteListener.a(Unknown Source)
	at com.browserstack.testNgListeners.BrowserstackSuiteListener.onStart(Unknown Source)
	at org.testng.SuiteRunner.invokeListeners(SuiteRunner.java:213)
	at org.testng.SuiteRunner.run(SuiteRunner.java:274)
	at org.testng.SuiteRunnerWorker.runSuite(SuiteRunnerWorker.java:53)
	at org.testng.SuiteRunnerWorker.run(SuiteRunnerWorker.java:96)
	at org.testng.TestNG.runSuitesSequentially(TestNG.java:1212)
	at org.testng.TestNG.runSuitesLocally(TestNG.java:1134)
	at org.testng.TestNG.runSuites(TestNG.java:1063)
	at org.testng.TestNG.run(TestNG.java:1031)
	at org.testng.remote.AbstractRemoteTestNG.run(AbstractRemoteTestNG.java:115)
	at org.testng.remote.RemoteTestNG.initAndRun(RemoteTestNG.java:293)
	at org.testng.remote.RemoteTestNG.main(RemoteTestNG.java:91)

14:53:22.872 [main] DEBUG c.b.monitoring.PerformanceTester - Failed to append key metrics to file D:\gopal\workspace\Location Tool Automation\log\key-metrics.json
14:53:22.963 [main] DEBUG c.browserstack.utils.CurrentTestMap - Searching for Test Run ID for Thread: 1
14:53:22.964 [main] TRACE c.b.config.BrowserStackConfig - isGaugeTestOpsSession called with testObservabilityExplicit: false, framework: null, returning: false
14:53:57.924 [main] DEBUG c.browserstack.utils.CurrentTestMap - Searching for Test Run ID for Thread: 1
14:53:57.924 [main] TRACE c.b.config.BrowserStackConfig - isGaugeTestOpsSession called with testObservabilityExplicit: false, framework: null, returning: false
14:53:57.926 [main] DEBUG c.browserstack.utils.CurrentTestMap - Searching for Test Run ID for Thread: 1
14:53:57.927 [main] TRACE c.b.config.BrowserStackConfig - isGaugeTestOpsSession called with testObservabilityExplicit: false, framework: null, returning: false
14:53:57.927 [main] TRACE c.b.config.BrowserStackConfig - isGaugeTestOpsSession called with testObservabilityExplicit: false, framework: null, returning: false
14:53:57.934 [main] DEBUG c.b.utils.FunnelInstrumentation - Error in getting Product:
java.lang.NullPointerException: Cannot invoke "String.equalsIgnoreCase(String)" because the return value of "com.browserstack.config.BrowserStackConfig.getFramework()" is null
	at com.browserstack.utils.FunnelInstrumentation.a(Unknown Source)
	at java.base/java.util.stream.MatchOps$1MatchSink.accept(MatchOps.java:90)
	at java.base/java.util.Spliterators$ArraySpliterator.tryAdvance(Spliterators.java:1034)
	at java.base/java.util.stream.ReferencePipeline.forEachWithCancel(ReferencePipeline.java:144)
	at java.base/java.util.stream.AbstractPipeline.copyIntoWithCancel(AbstractPipeline.java:574)
	at java.base/java.util.stream.AbstractPipeline.copyInto(AbstractPipeline.java:560)
	at java.base/java.util.stream.AbstractPipeline.wrapAndCopyInto(AbstractPipeline.java:546)
	at java.base/java.util.stream.MatchOps$MatchOp.evaluateSequential(MatchOps.java:230)
	at java.base/java.util.stream.MatchOps$MatchOp.evaluateSequential(MatchOps.java:196)
	at java.base/java.util.stream.AbstractPipeline.evaluate(AbstractPipeline.java:265)
	at java.base/java.util.stream.ReferencePipeline.anyMatch(ReferencePipeline.java:647)
	at com.browserstack.utils.FunnelInstrumentation.getProducts(Unknown Source)
	at com.browserstack.utils.FunnelInstrumentation.createParamsForEvent(Unknown Source)
	at com.browserstack.utils.FunnelInstrumentation.sendSDKEvent(Unknown Source)
	at com.browserstack.testNgListeners.TmpSuiteListener.onFinish(Unknown Source)
	at org.testng.TestRunner.fireEvent(TestRunner.java:923)
	at org.testng.TestRunner.afterRun(TestRunner.java:887)
	at org.testng.TestRunner.run(TestRunner.java:599)
	at org.testng.SuiteRunner.runTest(SuiteRunner.java:377)
	at org.testng.SuiteRunner.runSequentially(SuiteRunner.java:371)
	at org.testng.SuiteRunner.privateRun(SuiteRunner.java:332)
	at org.testng.SuiteRunner.run(SuiteRunner.java:276)
	at org.testng.SuiteRunnerWorker.runSuite(SuiteRunnerWorker.java:53)
	at org.testng.SuiteRunnerWorker.run(SuiteRunnerWorker.java:96)
	at org.testng.TestNG.runSuitesSequentially(TestNG.java:1212)
	at org.testng.TestNG.runSuitesLocally(TestNG.java:1134)
	at org.testng.TestNG.runSuites(TestNG.java:1063)
	at org.testng.TestNG.run(TestNG.java:1031)
	at org.testng.remote.AbstractRemoteTestNG.run(AbstractRemoteTestNG.java:115)
	at org.testng.remote.RemoteTestNG.initAndRun(RemoteTestNG.java:293)
	at org.testng.remote.RemoteTestNG.main(RemoteTestNG.java:91)
14:53:57.937 [main] TRACE c.b.config.BrowserStackConfig - isGaugeTestOpsSession called with testObservabilityExplicit: false, framework: null, returning: false
14:53:57.953 [main] DEBUG c.b.utils.FrameworkDetectionUtils - Couldn't find dependency class: appium
14:53:58.082 [main] DEBUG com.browserstack.testOps.UsageStats - getFormattedData: Collecting data for TestObservability
14:53:58.082 [main] TRACE c.b.config.BrowserStackConfig - isGaugeTestOpsSession called with testObservabilityExplicit: false, framework: null, returning: false
14:53:58.179 [main] TRACE c.b.t.TestOrchestrationUtils - getInstrumentationData: invoked
14:53:58.198 [main] DEBUG c.b.utils.FunnelInstrumentation - Sending funnel data for SDKTestSuccessful with data: {"event_type":"SDKTestSuccessful","accessKey":"[REDACTED]","userName":"[REDACTED]","event_properties":{"isPercyAutoEnabled":false,"language":"java","sdkRunId":"2ebe362b-bb29-4dfb-8d14-56d3ae2da01b","buildIdentifier":"unknown","testhub_uuid":"","detectedAppiumVersion":"null","productMap":{"app_automate":false,"accessibility":null,"automate":true,"percy":false,"observability":false,"turboscale":false},"hostname":"DESKTOP-QVD64FI","measures":{"sdk:pre-test":0.025499999523162842},"productUsage":{"testObservability":{"buildHashedId":"","manuallySet":false,"enabled":false}},"browserStackConfig":{"browserstackLocal":null,"percy":false,"logLevel":"info","staticWebDriver":true,"autoDetectFramework":true,"percyCaptureMode":"AUTO","browserStackLocalOptions":null,"percyOptions":null,"testContextOptions":{"skipSessionName":false,"skipSessionStatus":false,"serenityOverridePlugin":false},"platforms":null,"parallelsPerPlatform":null,"framework":null,"accessibility":false,"accessibilityOptions":{},"turboScaleOptions":{},"disableAutoCaptureLogs":true,"testObservability":true,"browserstackAutomation":true,"turboScale":false,"testObservabilityOptions":{},"gradleMConfig":null,"proxySettings":null},"automationFrameworkVersion":null,"percyBuildId":null,"product":"[automate]","buildName":"unknown","os":"Windows 11","languageVersion":"22.0.1","appiumVersion":"null","frameworkDetectionInstrumentation":{},"detectedDependencies":"","referrer":"unknown","locationTrigger":"onFinish","accessibilityConfiguration":{"pollingTimeout":30},"language_framework":"unknown","testOrchestration":{"abortBuildOnFailure":{"enabled":false},"retryTestsOnFailure":{"enabled":false},"userConfig":{}},"detectedSeleniumVersion":"4.27.0","automationFramework":"selenium","seleniumVersion":"null"}}
14:53:58.844 [main] DEBUG c.b.utils.FunnelInstrumentation - API Event SDKTestSuccessful, response: {"message":"Unauthorized"}
14:53:58.849 [main] DEBUG c.b.monitoring.PerformanceTester - Failed to append key metrics to file D:\gopal\workspace\Location Tool Automation\log\key-metrics.json
14:53:58.849 [main] DEBUG c.browserstack.utils.CurrentTestMap - Searching for Test Run ID for Thread: 1
14:53:58.849 [main] TRACE c.b.config.BrowserStackConfig - isGaugeTestOpsSession called with testObservabilityExplicit: false, framework: null, returning: false
14:54:37.342 [main] TRACE c.b.config.BrowserStackConfig - isGaugeTestOpsSession called with testObservabilityExplicit: false, framework: null, returning: false
14:54:37.344 [main] WARN  c.b.config.BrowserStackConfig - Test Observability could not be enabled because framework detected is null. We currently support frameworks testng, cucumber-testng & serenity
14:54:37.853 [main] DEBUG com.browserstack.v2.SdkCliUtils - File C:\Users\GopalSakhiya\.browserstack already exist
14:54:37.856 [main] DEBUG com.browserstack.v2.SdkCliUtils - getExistingCliPath: no binary found
14:54:37.856 [main] DEBUG com.browserstack.v2.SdkCliUtils - Current CLI Path Found: 
14:54:49.990 [main] ERROR com.browserstack.v2.SdkCliUtils - Error in setting up cli path directory, Exception: Unexpected token END OF FILE at position 0.
	at browserstack.shaded.org.json.simple.parser.JSONParser.parse(Unknown Source)
	at browserstack.shaded.org.json.simple.parser.JSONParser.parse(Unknown Source)
	at browserstack.shaded.org.json.simple.parser.JSONParser.parse(Unknown Source)
	at com.browserstack.v2.SdkCliUtils.checkAndUpdateCli(Unknown Source)
	at com.browserstack.v2.SdkCliUtils.setupCliPath(Unknown Source)
	at com.browserstack.v2.SdkCLI.<clinit>(Unknown Source)
	at com.browserstack.monitoring.PerformanceTester.measure(Unknown Source)
	at com.browserstack.monitoring.PerformanceTester.end(Unknown Source)
	at com.browserstack.testNgListeners.BrowserstackSuiteListener.a(Unknown Source)
	at com.browserstack.testNgListeners.BrowserstackSuiteListener.onStart(Unknown Source)
	at org.testng.SuiteRunner.invokeListeners(SuiteRunner.java:213)
	at org.testng.SuiteRunner.run(SuiteRunner.java:274)
	at org.testng.SuiteRunnerWorker.runSuite(SuiteRunnerWorker.java:53)
	at org.testng.SuiteRunnerWorker.run(SuiteRunnerWorker.java:96)
	at org.testng.TestNG.runSuitesSequentially(TestNG.java:1212)
	at org.testng.TestNG.runSuitesLocally(TestNG.java:1134)
	at org.testng.TestNG.runSuites(TestNG.java:1063)
	at org.testng.TestNG.run(TestNG.java:1031)
	at org.testng.remote.AbstractRemoteTestNG.run(AbstractRemoteTestNG.java:115)
	at org.testng.remote.RemoteTestNG.initAndRun(RemoteTestNG.java:293)
	at org.testng.remote.RemoteTestNG.main(RemoteTestNG.java:91)

14:54:50.015 [main] DEBUG c.b.monitoring.PerformanceTester - Failed to append key metrics to file D:\gopal\workspace\Location Tool Automation\log\key-metrics.json
14:54:50.095 [main] DEBUG c.browserstack.utils.CurrentTestMap - Searching for Test Run ID for Thread: 1
14:54:50.095 [main] TRACE c.b.config.BrowserStackConfig - isGaugeTestOpsSession called with testObservabilityExplicit: false, framework: null, returning: false
14:56:12.405 [main] DEBUG c.browserstack.utils.CurrentTestMap - Searching for Test Run ID for Thread: 1
14:56:12.405 [main] TRACE c.b.config.BrowserStackConfig - isGaugeTestOpsSession called with testObservabilityExplicit: false, framework: null, returning: false
14:56:12.410 [main] DEBUG c.browserstack.utils.CurrentTestMap - Searching for Test Run ID for Thread: 1
14:56:12.411 [main] TRACE c.b.config.BrowserStackConfig - isGaugeTestOpsSession called with testObservabilityExplicit: false, framework: null, returning: false
14:56:12.411 [main] TRACE c.b.config.BrowserStackConfig - isGaugeTestOpsSession called with testObservabilityExplicit: false, framework: null, returning: false
14:56:12.417 [main] DEBUG c.b.utils.FunnelInstrumentation - Error in getting Product:
java.lang.NullPointerException: Cannot invoke "String.equalsIgnoreCase(String)" because the return value of "com.browserstack.config.BrowserStackConfig.getFramework()" is null
	at com.browserstack.utils.FunnelInstrumentation.a(Unknown Source)
	at java.base/java.util.stream.MatchOps$1MatchSink.accept(MatchOps.java:90)
	at java.base/java.util.Spliterators$ArraySpliterator.tryAdvance(Spliterators.java:1034)
	at java.base/java.util.stream.ReferencePipeline.forEachWithCancel(ReferencePipeline.java:144)
	at java.base/java.util.stream.AbstractPipeline.copyIntoWithCancel(AbstractPipeline.java:574)
	at java.base/java.util.stream.AbstractPipeline.copyInto(AbstractPipeline.java:560)
	at java.base/java.util.stream.AbstractPipeline.wrapAndCopyInto(AbstractPipeline.java:546)
	at java.base/java.util.stream.MatchOps$MatchOp.evaluateSequential(MatchOps.java:230)
	at java.base/java.util.stream.MatchOps$MatchOp.evaluateSequential(MatchOps.java:196)
	at java.base/java.util.stream.AbstractPipeline.evaluate(AbstractPipeline.java:265)
	at java.base/java.util.stream.ReferencePipeline.anyMatch(ReferencePipeline.java:647)
	at com.browserstack.utils.FunnelInstrumentation.getProducts(Unknown Source)
	at com.browserstack.utils.FunnelInstrumentation.createParamsForEvent(Unknown Source)
	at com.browserstack.utils.FunnelInstrumentation.sendSDKEvent(Unknown Source)
	at com.browserstack.testNgListeners.TmpSuiteListener.onFinish(Unknown Source)
	at org.testng.TestRunner.fireEvent(TestRunner.java:923)
	at org.testng.TestRunner.afterRun(TestRunner.java:887)
	at org.testng.TestRunner.run(TestRunner.java:599)
	at org.testng.SuiteRunner.runTest(SuiteRunner.java:377)
	at org.testng.SuiteRunner.runSequentially(SuiteRunner.java:371)
	at org.testng.SuiteRunner.privateRun(SuiteRunner.java:332)
	at org.testng.SuiteRunner.run(SuiteRunner.java:276)
	at org.testng.SuiteRunnerWorker.runSuite(SuiteRunnerWorker.java:53)
	at org.testng.SuiteRunnerWorker.run(SuiteRunnerWorker.java:96)
	at org.testng.TestNG.runSuitesSequentially(TestNG.java:1212)
	at org.testng.TestNG.runSuitesLocally(TestNG.java:1134)
	at org.testng.TestNG.runSuites(TestNG.java:1063)
	at org.testng.TestNG.run(TestNG.java:1031)
	at org.testng.remote.AbstractRemoteTestNG.run(AbstractRemoteTestNG.java:115)
	at org.testng.remote.RemoteTestNG.initAndRun(RemoteTestNG.java:293)
	at org.testng.remote.RemoteTestNG.main(RemoteTestNG.java:91)
14:56:12.426 [main] TRACE c.b.config.BrowserStackConfig - isGaugeTestOpsSession called with testObservabilityExplicit: false, framework: null, returning: false
14:56:12.444 [main] DEBUG c.b.utils.FrameworkDetectionUtils - Couldn't find dependency class: appium
14:56:12.553 [main] DEBUG com.browserstack.testOps.UsageStats - getFormattedData: Collecting data for TestObservability
14:56:12.554 [main] TRACE c.b.config.BrowserStackConfig - isGaugeTestOpsSession called with testObservabilityExplicit: false, framework: null, returning: false
14:56:12.645 [main] TRACE c.b.t.TestOrchestrationUtils - getInstrumentationData: invoked
14:56:12.677 [main] DEBUG c.b.utils.FunnelInstrumentation - Sending funnel data for SDKTestSuccessful with data: {"event_type":"SDKTestSuccessful","accessKey":"[REDACTED]","userName":"[REDACTED]","event_properties":{"isPercyAutoEnabled":false,"language":"java","sdkRunId":"a84e4c5a-857b-462d-a173-f59796e8ffd4","buildIdentifier":"unknown","testhub_uuid":"","detectedAppiumVersion":"null","productMap":{"app_automate":false,"accessibility":null,"automate":true,"percy":false,"observability":false,"turboscale":false},"hostname":"DESKTOP-QVD64FI","measures":{"sdk:pre-test":0.03689998388290405},"productUsage":{"testObservability":{"buildHashedId":"","manuallySet":false,"enabled":false}},"browserStackConfig":{"browserstackLocal":null,"percy":false,"logLevel":"info","staticWebDriver":true,"autoDetectFramework":true,"percyCaptureMode":"AUTO","browserStackLocalOptions":null,"percyOptions":null,"testContextOptions":{"skipSessionStatus":false,"serenityOverridePlugin":false,"skipSessionName":false},"platforms":null,"parallelsPerPlatform":null,"framework":null,"accessibility":false,"accessibilityOptions":{},"turboScaleOptions":{},"disableAutoCaptureLogs":true,"testObservability":true,"browserstackAutomation":true,"turboScale":false,"testObservabilityOptions":{},"gradleMConfig":null,"proxySettings":null},"automationFrameworkVersion":null,"percyBuildId":null,"product":"[automate]","buildName":"unknown","os":"Windows 11","languageVersion":"22.0.1","appiumVersion":"null","frameworkDetectionInstrumentation":{},"detectedDependencies":"","referrer":"unknown","locationTrigger":"onFinish","accessibilityConfiguration":{"pollingTimeout":30},"language_framework":"unknown","testOrchestration":{"abortBuildOnFailure":{"enabled":false},"retryTestsOnFailure":{"enabled":false},"userConfig":{}},"detectedSeleniumVersion":"4.27.0","automationFramework":"selenium","seleniumVersion":"null"}}
14:56:13.331 [main] DEBUG c.b.utils.FunnelInstrumentation - API Event SDKTestSuccessful, response: {"message":"Unauthorized"}
14:56:13.338 [main] DEBUG c.b.monitoring.PerformanceTester - Failed to append key metrics to file D:\gopal\workspace\Location Tool Automation\log\key-metrics.json
14:56:13.350 [main] DEBUG c.browserstack.utils.CurrentTestMap - Searching for Test Run ID for Thread: 1
14:56:13.351 [main] TRACE c.b.config.BrowserStackConfig - isGaugeTestOpsSession called with testObservabilityExplicit: false, framework: null, returning: false
14:58:15.720 [main] TRACE c.b.config.BrowserStackConfig - isGaugeTestOpsSession called with testObservabilityExplicit: false, framework: null, returning: false
14:58:15.723 [main] WARN  c.b.config.BrowserStackConfig - Test Observability could not be enabled because framework detected is null. We currently support frameworks testng, cucumber-testng & serenity
14:58:16.239 [main] DEBUG com.browserstack.v2.SdkCliUtils - File C:\Users\GopalSakhiya\.browserstack already exist
14:58:16.242 [main] DEBUG com.browserstack.v2.SdkCliUtils - getExistingCliPath: no binary found
14:58:16.242 [main] DEBUG com.browserstack.v2.SdkCliUtils - Current CLI Path Found: 
14:58:20.272 [main] ERROR com.browserstack.v2.SdkCliUtils - Error in setting up cli path directory, Exception: Unexpected token END OF FILE at position 0.
	at browserstack.shaded.org.json.simple.parser.JSONParser.parse(Unknown Source)
	at browserstack.shaded.org.json.simple.parser.JSONParser.parse(Unknown Source)
	at browserstack.shaded.org.json.simple.parser.JSONParser.parse(Unknown Source)
	at com.browserstack.v2.SdkCliUtils.checkAndUpdateCli(Unknown Source)
	at com.browserstack.v2.SdkCliUtils.setupCliPath(Unknown Source)
	at com.browserstack.v2.SdkCLI.<clinit>(Unknown Source)
	at com.browserstack.monitoring.PerformanceTester.measure(Unknown Source)
	at com.browserstack.monitoring.PerformanceTester.end(Unknown Source)
	at com.browserstack.testNgListeners.BrowserstackSuiteListener.a(Unknown Source)
	at com.browserstack.testNgListeners.BrowserstackSuiteListener.onStart(Unknown Source)
	at org.testng.SuiteRunner.invokeListeners(SuiteRunner.java:213)
	at org.testng.SuiteRunner.run(SuiteRunner.java:274)
	at org.testng.SuiteRunnerWorker.runSuite(SuiteRunnerWorker.java:53)
	at org.testng.SuiteRunnerWorker.run(SuiteRunnerWorker.java:96)
	at org.testng.TestNG.runSuitesSequentially(TestNG.java:1212)
	at org.testng.TestNG.runSuitesLocally(TestNG.java:1134)
	at org.testng.TestNG.runSuites(TestNG.java:1063)
	at org.testng.TestNG.run(TestNG.java:1031)
	at org.testng.remote.AbstractRemoteTestNG.run(AbstractRemoteTestNG.java:115)
	at org.testng.remote.RemoteTestNG.initAndRun(RemoteTestNG.java:293)
	at org.testng.remote.RemoteTestNG.main(RemoteTestNG.java:91)

14:58:20.277 [main] DEBUG c.b.monitoring.PerformanceTester - Failed to append key metrics to file D:\gopal\workspace\Location Tool Automation\log\key-metrics.json
14:58:20.341 [main] DEBUG c.browserstack.utils.CurrentTestMap - Searching for Test Run ID for Thread: 1
14:58:20.342 [main] TRACE c.b.config.BrowserStackConfig - isGaugeTestOpsSession called with testObservabilityExplicit: false, framework: null, returning: false
14:59:21.540 [main] TRACE c.b.config.BrowserStackConfig - isGaugeTestOpsSession called with testObservabilityExplicit: false, framework: null, returning: false
14:59:21.544 [main] WARN  c.b.config.BrowserStackConfig - Test Observability could not be enabled because framework detected is null. We currently support frameworks testng, cucumber-testng & serenity
14:59:22.069 [main] DEBUG com.browserstack.v2.SdkCliUtils - File C:\Users\GopalSakhiya\.browserstack already exist
14:59:22.070 [main] DEBUG com.browserstack.v2.SdkCliUtils - getExistingCliPath: no binary found
14:59:22.070 [main] DEBUG com.browserstack.v2.SdkCliUtils - Current CLI Path Found: 
14:59:22.959 [main] ERROR com.browserstack.v2.SdkCliUtils - Error in setting up cli path directory, Exception: Unexpected token END OF FILE at position 0.
	at browserstack.shaded.org.json.simple.parser.JSONParser.parse(Unknown Source)
	at browserstack.shaded.org.json.simple.parser.JSONParser.parse(Unknown Source)
	at browserstack.shaded.org.json.simple.parser.JSONParser.parse(Unknown Source)
	at com.browserstack.v2.SdkCliUtils.checkAndUpdateCli(Unknown Source)
	at com.browserstack.v2.SdkCliUtils.setupCliPath(Unknown Source)
	at com.browserstack.v2.SdkCLI.<clinit>(Unknown Source)
	at com.browserstack.monitoring.PerformanceTester.measure(Unknown Source)
	at com.browserstack.monitoring.PerformanceTester.end(Unknown Source)
	at com.browserstack.testNgListeners.BrowserstackSuiteListener.a(Unknown Source)
	at com.browserstack.testNgListeners.BrowserstackSuiteListener.onStart(Unknown Source)
	at org.testng.SuiteRunner.invokeListeners(SuiteRunner.java:213)
	at org.testng.SuiteRunner.run(SuiteRunner.java:274)
	at org.testng.SuiteRunnerWorker.runSuite(SuiteRunnerWorker.java:53)
	at org.testng.SuiteRunnerWorker.run(SuiteRunnerWorker.java:96)
	at org.testng.TestNG.runSuitesSequentially(TestNG.java:1212)
	at org.testng.TestNG.runSuitesLocally(TestNG.java:1134)
	at org.testng.TestNG.runSuites(TestNG.java:1063)
	at org.testng.TestNG.run(TestNG.java:1031)
	at org.testng.remote.AbstractRemoteTestNG.run(AbstractRemoteTestNG.java:115)
	at org.testng.remote.RemoteTestNG.initAndRun(RemoteTestNG.java:293)
	at org.testng.remote.RemoteTestNG.main(RemoteTestNG.java:91)

14:59:22.965 [main] DEBUG c.b.monitoring.PerformanceTester - Failed to append key metrics to file D:\gopal\workspace\Location Tool Automation\log\key-metrics.json
14:59:23.021 [main] DEBUG c.browserstack.utils.CurrentTestMap - Searching for Test Run ID for Thread: 1
14:59:23.021 [main] TRACE c.b.config.BrowserStackConfig - isGaugeTestOpsSession called with testObservabilityExplicit: false, framework: null, returning: false
15:00:02.332 [main] DEBUG c.browserstack.utils.CurrentTestMap - Searching for Test Run ID for Thread: 1
15:00:02.332 [main] TRACE c.b.config.BrowserStackConfig - isGaugeTestOpsSession called with testObservabilityExplicit: false, framework: null, returning: false
15:00:02.338 [main] DEBUG c.browserstack.utils.CurrentTestMap - Searching for Test Run ID for Thread: 1
15:00:02.338 [main] TRACE c.b.config.BrowserStackConfig - isGaugeTestOpsSession called with testObservabilityExplicit: false, framework: null, returning: false
15:00:02.338 [main] TRACE c.b.config.BrowserStackConfig - isGaugeTestOpsSession called with testObservabilityExplicit: false, framework: null, returning: false
15:00:02.379 [main] DEBUG c.b.utils.FunnelInstrumentation - Error in getting Product:
java.lang.NullPointerException: Cannot invoke "String.equalsIgnoreCase(String)" because the return value of "com.browserstack.config.BrowserStackConfig.getFramework()" is null
	at com.browserstack.utils.FunnelInstrumentation.a(Unknown Source)
	at java.base/java.util.stream.MatchOps$1MatchSink.accept(MatchOps.java:90)
	at java.base/java.util.Spliterators$ArraySpliterator.tryAdvance(Spliterators.java:1034)
	at java.base/java.util.stream.ReferencePipeline.forEachWithCancel(ReferencePipeline.java:144)
	at java.base/java.util.stream.AbstractPipeline.copyIntoWithCancel(AbstractPipeline.java:574)
	at java.base/java.util.stream.AbstractPipeline.copyInto(AbstractPipeline.java:560)
	at java.base/java.util.stream.AbstractPipeline.wrapAndCopyInto(AbstractPipeline.java:546)
	at java.base/java.util.stream.MatchOps$MatchOp.evaluateSequential(MatchOps.java:230)
	at java.base/java.util.stream.MatchOps$MatchOp.evaluateSequential(MatchOps.java:196)
	at java.base/java.util.stream.AbstractPipeline.evaluate(AbstractPipeline.java:265)
	at java.base/java.util.stream.ReferencePipeline.anyMatch(ReferencePipeline.java:647)
	at com.browserstack.utils.FunnelInstrumentation.getProducts(Unknown Source)
	at com.browserstack.utils.FunnelInstrumentation.createParamsForEvent(Unknown Source)
	at com.browserstack.utils.FunnelInstrumentation.sendSDKEvent(Unknown Source)
	at com.browserstack.testNgListeners.TmpSuiteListener.onFinish(Unknown Source)
	at org.testng.TestRunner.fireEvent(TestRunner.java:923)
	at org.testng.TestRunner.afterRun(TestRunner.java:887)
	at org.testng.TestRunner.run(TestRunner.java:599)
	at org.testng.SuiteRunner.runTest(SuiteRunner.java:377)
	at org.testng.SuiteRunner.runSequentially(SuiteRunner.java:371)
	at org.testng.SuiteRunner.privateRun(SuiteRunner.java:332)
	at org.testng.SuiteRunner.run(SuiteRunner.java:276)
	at org.testng.SuiteRunnerWorker.runSuite(SuiteRunnerWorker.java:53)
	at org.testng.SuiteRunnerWorker.run(SuiteRunnerWorker.java:96)
	at org.testng.TestNG.runSuitesSequentially(TestNG.java:1212)
	at org.testng.TestNG.runSuitesLocally(TestNG.java:1134)
	at org.testng.TestNG.runSuites(TestNG.java:1063)
	at org.testng.TestNG.run(TestNG.java:1031)
	at org.testng.remote.AbstractRemoteTestNG.run(AbstractRemoteTestNG.java:115)
	at org.testng.remote.RemoteTestNG.initAndRun(RemoteTestNG.java:293)
	at org.testng.remote.RemoteTestNG.main(RemoteTestNG.java:91)
15:00:02.381 [main] TRACE c.b.config.BrowserStackConfig - isGaugeTestOpsSession called with testObservabilityExplicit: false, framework: null, returning: false
15:00:02.394 [main] DEBUG c.b.utils.FrameworkDetectionUtils - Couldn't find dependency class: appium
15:00:02.462 [main] DEBUG com.browserstack.testOps.UsageStats - getFormattedData: Collecting data for TestObservability
15:00:02.462 [main] TRACE c.b.config.BrowserStackConfig - isGaugeTestOpsSession called with testObservabilityExplicit: false, framework: null, returning: false
15:00:02.535 [main] TRACE c.b.t.TestOrchestrationUtils - getInstrumentationData: invoked
15:00:02.546 [main] DEBUG c.b.utils.FunnelInstrumentation - Sending funnel data for SDKTestSuccessful with data: {"event_type":"SDKTestSuccessful","accessKey":"[REDACTED]","userName":"[REDACTED]","event_properties":{"isPercyAutoEnabled":false,"language":"java","sdkRunId":"80c96bba-63c8-46ba-b4ae-8e3f25e9f33c","buildIdentifier":"unknown","testhub_uuid":"","detectedAppiumVersion":"null","productMap":{"app_automate":false,"accessibility":null,"automate":true,"percy":false,"observability":false,"turboscale":false},"hostname":"DESKTOP-QVD64FI","measures":{"sdk:pre-test":0.03909999132156372},"productUsage":{"testObservability":{"buildHashedId":"","manuallySet":false,"enabled":false}},"browserStackConfig":{"browserstackLocal":null,"percy":false,"logLevel":"info","staticWebDriver":true,"autoDetectFramework":true,"percyCaptureMode":"AUTO","browserStackLocalOptions":null,"percyOptions":null,"testContextOptions":{"skipSessionName":false,"skipSessionStatus":false,"serenityOverridePlugin":false},"platforms":null,"parallelsPerPlatform":null,"framework":null,"accessibility":false,"accessibilityOptions":{},"turboScaleOptions":{},"disableAutoCaptureLogs":true,"testObservability":true,"browserstackAutomation":true,"turboScale":false,"testObservabilityOptions":{},"gradleMConfig":null,"proxySettings":null},"automationFrameworkVersion":null,"percyBuildId":null,"product":"[automate]","buildName":"unknown","os":"Windows 11","languageVersion":"22.0.1","appiumVersion":"null","frameworkDetectionInstrumentation":{},"detectedDependencies":"","referrer":"unknown","locationTrigger":"onFinish","accessibilityConfiguration":{"pollingTimeout":30},"language_framework":"unknown","testOrchestration":{"abortBuildOnFailure":{"enabled":false},"retryTestsOnFailure":{"enabled":false},"userConfig":{}},"detectedSeleniumVersion":"4.27.0","automationFramework":"selenium","seleniumVersion":"null"}}
15:00:03.026 [main] DEBUG c.b.utils.FunnelInstrumentation - API Event SDKTestSuccessful, response: {"message":"Unauthorized"}
15:00:03.028 [main] DEBUG c.b.monitoring.PerformanceTester - Failed to append key metrics to file D:\gopal\workspace\Location Tool Automation\log\key-metrics.json
15:00:03.030 [main] DEBUG c.browserstack.utils.CurrentTestMap - Searching for Test Run ID for Thread: 1
15:00:03.031 [main] TRACE c.b.config.BrowserStackConfig - isGaugeTestOpsSession called with testObservabilityExplicit: false, framework: null, returning: false
15:08:36.535 [main] TRACE c.b.config.BrowserStackConfig - isGaugeTestOpsSession called with testObservabilityExplicit: false, framework: null, returning: false
15:08:36.540 [main] WARN  c.b.config.BrowserStackConfig - Test Observability could not be enabled because framework detected is null. We currently support frameworks testng, cucumber-testng & serenity
15:08:37.108 [main] DEBUG com.browserstack.v2.SdkCliUtils - File C:\Users\GopalSakhiya\.browserstack already exist
15:08:37.110 [main] DEBUG com.browserstack.v2.SdkCliUtils - getExistingCliPath: no binary found
15:08:37.111 [main] DEBUG com.browserstack.v2.SdkCliUtils - Current CLI Path Found: 
15:08:37.942 [main] ERROR com.browserstack.v2.SdkCliUtils - Error in setting up cli path directory, Exception: Unexpected token END OF FILE at position 0.
	at browserstack.shaded.org.json.simple.parser.JSONParser.parse(Unknown Source)
	at browserstack.shaded.org.json.simple.parser.JSONParser.parse(Unknown Source)
	at browserstack.shaded.org.json.simple.parser.JSONParser.parse(Unknown Source)
	at com.browserstack.v2.SdkCliUtils.checkAndUpdateCli(Unknown Source)
	at com.browserstack.v2.SdkCliUtils.setupCliPath(Unknown Source)
	at com.browserstack.v2.SdkCLI.<clinit>(Unknown Source)
	at com.browserstack.monitoring.PerformanceTester.measure(Unknown Source)
	at com.browserstack.monitoring.PerformanceTester.end(Unknown Source)
	at com.browserstack.testNgListeners.BrowserstackSuiteListener.a(Unknown Source)
	at com.browserstack.testNgListeners.BrowserstackSuiteListener.onStart(Unknown Source)
	at org.testng.SuiteRunner.invokeListeners(SuiteRunner.java:213)
	at org.testng.SuiteRunner.run(SuiteRunner.java:274)
	at org.testng.SuiteRunnerWorker.runSuite(SuiteRunnerWorker.java:53)
	at org.testng.SuiteRunnerWorker.run(SuiteRunnerWorker.java:96)
	at org.testng.TestNG.runSuitesSequentially(TestNG.java:1212)
	at org.testng.TestNG.runSuitesLocally(TestNG.java:1134)
	at org.testng.TestNG.runSuites(TestNG.java:1063)
	at org.testng.TestNG.run(TestNG.java:1031)
	at org.testng.remote.AbstractRemoteTestNG.run(AbstractRemoteTestNG.java:115)
	at org.testng.remote.RemoteTestNG.initAndRun(RemoteTestNG.java:293)
	at org.testng.remote.RemoteTestNG.main(RemoteTestNG.java:91)

15:08:37.947 [main] DEBUG c.b.monitoring.PerformanceTester - Failed to append key metrics to file D:\gopal\workspace\Location Tool Automation\log\key-metrics.json
15:08:38.007 [main] DEBUG c.browserstack.utils.CurrentTestMap - Searching for Test Run ID for Thread: 1
15:08:38.007 [main] TRACE c.b.config.BrowserStackConfig - isGaugeTestOpsSession called with testObservabilityExplicit: false, framework: null, returning: false
15:08:58.775 [main] DEBUG c.browserstack.utils.CurrentTestMap - Searching for Test Run ID for Thread: 1
15:08:58.776 [main] TRACE c.b.config.BrowserStackConfig - isGaugeTestOpsSession called with testObservabilityExplicit: false, framework: null, returning: false
15:08:58.778 [main] DEBUG c.browserstack.utils.CurrentTestMap - Searching for Test Run ID for Thread: 1
15:08:58.778 [main] TRACE c.b.config.BrowserStackConfig - isGaugeTestOpsSession called with testObservabilityExplicit: false, framework: null, returning: false
15:08:58.779 [main] TRACE c.b.config.BrowserStackConfig - isGaugeTestOpsSession called with testObservabilityExplicit: false, framework: null, returning: false
15:08:58.782 [main] DEBUG c.b.utils.FunnelInstrumentation - Error in getting Product:
java.lang.NullPointerException: Cannot invoke "String.equalsIgnoreCase(String)" because the return value of "com.browserstack.config.BrowserStackConfig.getFramework()" is null
	at com.browserstack.utils.FunnelInstrumentation.a(Unknown Source)
	at java.base/java.util.stream.MatchOps$1MatchSink.accept(MatchOps.java:90)
	at java.base/java.util.Spliterators$ArraySpliterator.tryAdvance(Spliterators.java:1034)
	at java.base/java.util.stream.ReferencePipeline.forEachWithCancel(ReferencePipeline.java:144)
	at java.base/java.util.stream.AbstractPipeline.copyIntoWithCancel(AbstractPipeline.java:574)
	at java.base/java.util.stream.AbstractPipeline.copyInto(AbstractPipeline.java:560)
	at java.base/java.util.stream.AbstractPipeline.wrapAndCopyInto(AbstractPipeline.java:546)
	at java.base/java.util.stream.MatchOps$MatchOp.evaluateSequential(MatchOps.java:230)
	at java.base/java.util.stream.MatchOps$MatchOp.evaluateSequential(MatchOps.java:196)
	at java.base/java.util.stream.AbstractPipeline.evaluate(AbstractPipeline.java:265)
	at java.base/java.util.stream.ReferencePipeline.anyMatch(ReferencePipeline.java:647)
	at com.browserstack.utils.FunnelInstrumentation.getProducts(Unknown Source)
	at com.browserstack.utils.FunnelInstrumentation.createParamsForEvent(Unknown Source)
	at com.browserstack.utils.FunnelInstrumentation.sendSDKEvent(Unknown Source)
	at com.browserstack.testNgListeners.TmpSuiteListener.onFinish(Unknown Source)
	at org.testng.TestRunner.fireEvent(TestRunner.java:923)
	at org.testng.TestRunner.afterRun(TestRunner.java:887)
	at org.testng.TestRunner.run(TestRunner.java:599)
	at org.testng.SuiteRunner.runTest(SuiteRunner.java:377)
	at org.testng.SuiteRunner.runSequentially(SuiteRunner.java:371)
	at org.testng.SuiteRunner.privateRun(SuiteRunner.java:332)
	at org.testng.SuiteRunner.run(SuiteRunner.java:276)
	at org.testng.SuiteRunnerWorker.runSuite(SuiteRunnerWorker.java:53)
	at org.testng.SuiteRunnerWorker.run(SuiteRunnerWorker.java:96)
	at org.testng.TestNG.runSuitesSequentially(TestNG.java:1212)
	at org.testng.TestNG.runSuitesLocally(TestNG.java:1134)
	at org.testng.TestNG.runSuites(TestNG.java:1063)
	at org.testng.TestNG.run(TestNG.java:1031)
	at org.testng.remote.AbstractRemoteTestNG.run(AbstractRemoteTestNG.java:115)
	at org.testng.remote.RemoteTestNG.initAndRun(RemoteTestNG.java:293)
	at org.testng.remote.RemoteTestNG.main(RemoteTestNG.java:91)
15:08:58.787 [main] TRACE c.b.config.BrowserStackConfig - isGaugeTestOpsSession called with testObservabilityExplicit: false, framework: null, returning: false
15:08:58.806 [main] DEBUG c.b.utils.FrameworkDetectionUtils - Couldn't find dependency class: appium
15:08:58.958 [main] DEBUG com.browserstack.testOps.UsageStats - getFormattedData: Collecting data for TestObservability
15:08:58.960 [main] TRACE c.b.config.BrowserStackConfig - isGaugeTestOpsSession called with testObservabilityExplicit: false, framework: null, returning: false
15:08:59.078 [main] TRACE c.b.t.TestOrchestrationUtils - getInstrumentationData: invoked
15:08:59.105 [main] DEBUG c.b.utils.FunnelInstrumentation - Sending funnel data for SDKTestSuccessful with data: {"event_type":"SDKTestSuccessful","accessKey":"[REDACTED]","userName":"[REDACTED]","event_properties":{"isPercyAutoEnabled":false,"language":"java","sdkRunId":"eebf3a7d-c752-4535-a3db-b072cd41c461","buildIdentifier":"unknown","testhub_uuid":"","detectedAppiumVersion":"null","productMap":{"app_automate":false,"accessibility":null,"automate":true,"percy":false,"observability":false,"turboscale":false},"hostname":"DESKTOP-QVD64FI","measures":{"sdk:pre-test":0.02770000696182251},"productUsage":{"testObservability":{"buildHashedId":"","manuallySet":false,"enabled":false}},"browserStackConfig":{"browserstackLocal":null,"percy":false,"logLevel":"info","staticWebDriver":true,"autoDetectFramework":true,"percyCaptureMode":"AUTO","browserStackLocalOptions":null,"percyOptions":null,"testContextOptions":{"skipSessionName":false,"skipSessionStatus":false,"serenityOverridePlugin":false},"platforms":null,"parallelsPerPlatform":null,"framework":null,"accessibility":false,"accessibilityOptions":{},"turboScaleOptions":{},"disableAutoCaptureLogs":true,"testObservability":true,"browserstackAutomation":true,"turboScale":false,"testObservabilityOptions":{},"gradleMConfig":null,"proxySettings":null},"automationFrameworkVersion":null,"percyBuildId":null,"product":"[automate]","buildName":"unknown","os":"Windows 11","languageVersion":"22.0.1","appiumVersion":"null","frameworkDetectionInstrumentation":{},"detectedDependencies":"","referrer":"unknown","locationTrigger":"onFinish","accessibilityConfiguration":{"pollingTimeout":30},"language_framework":"unknown","testOrchestration":{"abortBuildOnFailure":{"enabled":false},"retryTestsOnFailure":{"enabled":false},"userConfig":{}},"detectedSeleniumVersion":"4.27.0","automationFramework":"selenium","seleniumVersion":"null"}}
15:08:59.657 [main] DEBUG c.b.utils.FunnelInstrumentation - API Event SDKTestSuccessful, response: {"message":"Unauthorized"}
15:08:59.660 [main] DEBUG c.b.monitoring.PerformanceTester - Failed to append key metrics to file D:\gopal\workspace\Location Tool Automation\log\key-metrics.json
15:08:59.675 [main] DEBUG c.browserstack.utils.CurrentTestMap - Searching for Test Run ID for Thread: 1
15:08:59.676 [main] TRACE c.b.config.BrowserStackConfig - isGaugeTestOpsSession called with testObservabilityExplicit: false, framework: null, returning: false
15:09:38.661 [main] TRACE c.b.config.BrowserStackConfig - isGaugeTestOpsSession called with testObservabilityExplicit: false, framework: null, returning: false
15:09:38.665 [main] WARN  c.b.config.BrowserStackConfig - Test Observability could not be enabled because framework detected is null. We currently support frameworks testng, cucumber-testng & serenity
15:09:39.280 [main] DEBUG com.browserstack.v2.SdkCliUtils - File C:\Users\GopalSakhiya\.browserstack already exist
15:09:39.281 [main] DEBUG com.browserstack.v2.SdkCliUtils - getExistingCliPath: no binary found
15:09:39.281 [main] DEBUG com.browserstack.v2.SdkCliUtils - Current CLI Path Found: 
15:09:40.205 [main] ERROR com.browserstack.v2.SdkCliUtils - Error in setting up cli path directory, Exception: Unexpected token END OF FILE at position 0.
	at browserstack.shaded.org.json.simple.parser.JSONParser.parse(Unknown Source)
	at browserstack.shaded.org.json.simple.parser.JSONParser.parse(Unknown Source)
	at browserstack.shaded.org.json.simple.parser.JSONParser.parse(Unknown Source)
	at com.browserstack.v2.SdkCliUtils.checkAndUpdateCli(Unknown Source)
	at com.browserstack.v2.SdkCliUtils.setupCliPath(Unknown Source)
	at com.browserstack.v2.SdkCLI.<clinit>(Unknown Source)
	at com.browserstack.monitoring.PerformanceTester.measure(Unknown Source)
	at com.browserstack.monitoring.PerformanceTester.end(Unknown Source)
	at com.browserstack.testNgListeners.BrowserstackSuiteListener.a(Unknown Source)
	at com.browserstack.testNgListeners.BrowserstackSuiteListener.onStart(Unknown Source)
	at org.testng.SuiteRunner.invokeListeners(SuiteRunner.java:213)
	at org.testng.SuiteRunner.run(SuiteRunner.java:274)
	at org.testng.SuiteRunnerWorker.runSuite(SuiteRunnerWorker.java:53)
	at org.testng.SuiteRunnerWorker.run(SuiteRunnerWorker.java:96)
	at org.testng.TestNG.runSuitesSequentially(TestNG.java:1212)
	at org.testng.TestNG.runSuitesLocally(TestNG.java:1134)
	at org.testng.TestNG.runSuites(TestNG.java:1063)
	at org.testng.TestNG.run(TestNG.java:1031)
	at org.testng.remote.AbstractRemoteTestNG.run(AbstractRemoteTestNG.java:115)
	at org.testng.remote.RemoteTestNG.initAndRun(RemoteTestNG.java:293)
	at org.testng.remote.RemoteTestNG.main(RemoteTestNG.java:91)

15:09:40.210 [main] DEBUG c.b.monitoring.PerformanceTester - Failed to append key metrics to file D:\gopal\workspace\Location Tool Automation\log\key-metrics.json
15:09:40.277 [main] DEBUG c.browserstack.utils.CurrentTestMap - Searching for Test Run ID for Thread: 1
15:09:40.277 [main] TRACE c.b.config.BrowserStackConfig - isGaugeTestOpsSession called with testObservabilityExplicit: false, framework: null, returning: false
15:10:00.583 [main] DEBUG c.browserstack.utils.CurrentTestMap - Searching for Test Run ID for Thread: 1
15:10:00.583 [main] TRACE c.b.config.BrowserStackConfig - isGaugeTestOpsSession called with testObservabilityExplicit: false, framework: null, returning: false
15:10:00.586 [main] DEBUG c.browserstack.utils.CurrentTestMap - Searching for Test Run ID for Thread: 1
15:10:00.587 [main] TRACE c.b.config.BrowserStackConfig - isGaugeTestOpsSession called with testObservabilityExplicit: false, framework: null, returning: false
15:10:00.587 [main] TRACE c.b.config.BrowserStackConfig - isGaugeTestOpsSession called with testObservabilityExplicit: false, framework: null, returning: false
15:10:00.593 [main] DEBUG c.b.utils.FunnelInstrumentation - Error in getting Product:
java.lang.NullPointerException: Cannot invoke "String.equalsIgnoreCase(String)" because the return value of "com.browserstack.config.BrowserStackConfig.getFramework()" is null
	at com.browserstack.utils.FunnelInstrumentation.a(Unknown Source)
	at java.base/java.util.stream.MatchOps$1MatchSink.accept(MatchOps.java:90)
	at java.base/java.util.Spliterators$ArraySpliterator.tryAdvance(Spliterators.java:1034)
	at java.base/java.util.stream.ReferencePipeline.forEachWithCancel(ReferencePipeline.java:144)
	at java.base/java.util.stream.AbstractPipeline.copyIntoWithCancel(AbstractPipeline.java:574)
	at java.base/java.util.stream.AbstractPipeline.copyInto(AbstractPipeline.java:560)
	at java.base/java.util.stream.AbstractPipeline.wrapAndCopyInto(AbstractPipeline.java:546)
	at java.base/java.util.stream.MatchOps$MatchOp.evaluateSequential(MatchOps.java:230)
	at java.base/java.util.stream.MatchOps$MatchOp.evaluateSequential(MatchOps.java:196)
	at java.base/java.util.stream.AbstractPipeline.evaluate(AbstractPipeline.java:265)
	at java.base/java.util.stream.ReferencePipeline.anyMatch(ReferencePipeline.java:647)
	at com.browserstack.utils.FunnelInstrumentation.getProducts(Unknown Source)
	at com.browserstack.utils.FunnelInstrumentation.createParamsForEvent(Unknown Source)
	at com.browserstack.utils.FunnelInstrumentation.sendSDKEvent(Unknown Source)
	at com.browserstack.testNgListeners.TmpSuiteListener.onFinish(Unknown Source)
	at org.testng.TestRunner.fireEvent(TestRunner.java:923)
	at org.testng.TestRunner.afterRun(TestRunner.java:887)
	at org.testng.TestRunner.run(TestRunner.java:599)
	at org.testng.SuiteRunner.runTest(SuiteRunner.java:377)
	at org.testng.SuiteRunner.runSequentially(SuiteRunner.java:371)
	at org.testng.SuiteRunner.privateRun(SuiteRunner.java:332)
	at org.testng.SuiteRunner.run(SuiteRunner.java:276)
	at org.testng.SuiteRunnerWorker.runSuite(SuiteRunnerWorker.java:53)
	at org.testng.SuiteRunnerWorker.run(SuiteRunnerWorker.java:96)
	at org.testng.TestNG.runSuitesSequentially(TestNG.java:1212)
	at org.testng.TestNG.runSuitesLocally(TestNG.java:1134)
	at org.testng.TestNG.runSuites(TestNG.java:1063)
	at org.testng.TestNG.run(TestNG.java:1031)
	at org.testng.remote.AbstractRemoteTestNG.run(AbstractRemoteTestNG.java:115)
	at org.testng.remote.RemoteTestNG.initAndRun(RemoteTestNG.java:293)
	at org.testng.remote.RemoteTestNG.main(RemoteTestNG.java:91)
15:10:00.599 [main] TRACE c.b.config.BrowserStackConfig - isGaugeTestOpsSession called with testObservabilityExplicit: false, framework: null, returning: false
15:10:00.631 [main] DEBUG c.b.utils.FrameworkDetectionUtils - Couldn't find dependency class: appium
15:10:00.825 [main] DEBUG com.browserstack.testOps.UsageStats - getFormattedData: Collecting data for TestObservability
15:10:00.825 [main] TRACE c.b.config.BrowserStackConfig - isGaugeTestOpsSession called with testObservabilityExplicit: false, framework: null, returning: false
15:10:00.922 [main] TRACE c.b.t.TestOrchestrationUtils - getInstrumentationData: invoked
15:10:00.941 [main] DEBUG c.b.utils.FunnelInstrumentation - Sending funnel data for SDKTestSuccessful with data: {"event_type":"SDKTestSuccessful","accessKey":"[REDACTED]","userName":"[REDACTED]","event_properties":{"isPercyAutoEnabled":false,"language":"java","sdkRunId":"606ec3b1-36be-482e-81fb-750713f1d30b","buildIdentifier":"unknown","testhub_uuid":"","detectedAppiumVersion":"null","productMap":{"app_automate":false,"accessibility":null,"automate":true,"percy":false,"observability":false,"turboscale":false},"hostname":"DESKTOP-QVD64FI","measures":{"sdk:pre-test":0.040100038051605225},"productUsage":{"testObservability":{"buildHashedId":"","manuallySet":false,"enabled":false}},"browserStackConfig":{"browserstackLocal":null,"percy":false,"logLevel":"info","staticWebDriver":true,"autoDetectFramework":true,"percyCaptureMode":"AUTO","browserStackLocalOptions":null,"percyOptions":null,"testContextOptions":{"skipSessionStatus":false,"serenityOverridePlugin":false,"skipSessionName":false},"platforms":null,"parallelsPerPlatform":null,"framework":null,"accessibility":false,"accessibilityOptions":{},"turboScaleOptions":{},"disableAutoCaptureLogs":true,"testObservability":true,"browserstackAutomation":true,"turboScale":false,"testObservabilityOptions":{},"gradleMConfig":null,"proxySettings":null},"automationFrameworkVersion":null,"percyBuildId":null,"product":"[automate]","buildName":"unknown","os":"Windows 11","languageVersion":"22.0.1","appiumVersion":"null","frameworkDetectionInstrumentation":{},"detectedDependencies":"","referrer":"unknown","locationTrigger":"onFinish","accessibilityConfiguration":{"pollingTimeout":30},"language_framework":"unknown","testOrchestration":{"abortBuildOnFailure":{"enabled":false},"retryTestsOnFailure":{"enabled":false},"userConfig":{}},"detectedSeleniumVersion":"4.27.0","automationFramework":"selenium","seleniumVersion":"null"}}
15:10:01.415 [main] DEBUG c.b.utils.FunnelInstrumentation - API Event SDKTestSuccessful, response: {"message":"Unauthorized"}
15:10:01.417 [main] DEBUG c.b.monitoring.PerformanceTester - Failed to append key metrics to file D:\gopal\workspace\Location Tool Automation\log\key-metrics.json
15:10:01.422 [main] DEBUG c.browserstack.utils.CurrentTestMap - Searching for Test Run ID for Thread: 1
15:10:01.422 [main] TRACE c.b.config.BrowserStackConfig - isGaugeTestOpsSession called with testObservabilityExplicit: false, framework: null, returning: false
15:21:08.314 [main] TRACE c.b.config.BrowserStackConfig - isGaugeTestOpsSession called with testObservabilityExplicit: false, framework: null, returning: false
15:21:08.317 [main] WARN  c.b.config.BrowserStackConfig - Test Observability could not be enabled because framework detected is null. We currently support frameworks testng, cucumber-testng & serenity
15:21:08.727 [main] DEBUG com.browserstack.v2.SdkCliUtils - File C:\Users\GopalSakhiya\.browserstack already exist
15:21:08.730 [main] DEBUG com.browserstack.v2.SdkCliUtils - getExistingCliPath: no binary found
15:21:08.730 [main] DEBUG com.browserstack.v2.SdkCliUtils - Current CLI Path Found: 
15:21:09.613 [main] ERROR com.browserstack.v2.SdkCliUtils - Error in setting up cli path directory, Exception: Unexpected token END OF FILE at position 0.
	at browserstack.shaded.org.json.simple.parser.JSONParser.parse(Unknown Source)
	at browserstack.shaded.org.json.simple.parser.JSONParser.parse(Unknown Source)
	at browserstack.shaded.org.json.simple.parser.JSONParser.parse(Unknown Source)
	at com.browserstack.v2.SdkCliUtils.checkAndUpdateCli(Unknown Source)
	at com.browserstack.v2.SdkCliUtils.setupCliPath(Unknown Source)
	at com.browserstack.v2.SdkCLI.<clinit>(Unknown Source)
	at com.browserstack.monitoring.PerformanceTester.measure(Unknown Source)
	at com.browserstack.monitoring.PerformanceTester.end(Unknown Source)
	at com.browserstack.testNgListeners.BrowserstackSuiteListener.a(Unknown Source)
	at com.browserstack.testNgListeners.BrowserstackSuiteListener.onStart(Unknown Source)
	at org.testng.SuiteRunner.invokeListeners(SuiteRunner.java:213)
	at org.testng.SuiteRunner.run(SuiteRunner.java:274)
	at org.testng.SuiteRunnerWorker.runSuite(SuiteRunnerWorker.java:53)
	at org.testng.SuiteRunnerWorker.run(SuiteRunnerWorker.java:96)
	at org.testng.TestNG.runSuitesSequentially(TestNG.java:1212)
	at org.testng.TestNG.runSuitesLocally(TestNG.java:1134)
	at org.testng.TestNG.runSuites(TestNG.java:1063)
	at org.testng.TestNG.run(TestNG.java:1031)
	at org.testng.remote.AbstractRemoteTestNG.run(AbstractRemoteTestNG.java:115)
	at org.testng.remote.RemoteTestNG.initAndRun(RemoteTestNG.java:293)
	at org.testng.remote.RemoteTestNG.main(RemoteTestNG.java:91)

15:21:09.618 [main] DEBUG c.b.monitoring.PerformanceTester - Failed to append key metrics to file D:\gopal\workspace\Location Tool Automation\log\key-metrics.json
15:21:09.665 [main] DEBUG c.browserstack.utils.CurrentTestMap - Searching for Test Run ID for Thread: 1
15:21:09.665 [main] TRACE c.b.config.BrowserStackConfig - isGaugeTestOpsSession called with testObservabilityExplicit: false, framework: null, returning: false
15:21:28.867 [main] DEBUG c.browserstack.utils.CurrentTestMap - Searching for Test Run ID for Thread: 1
15:21:28.867 [main] TRACE c.b.config.BrowserStackConfig - isGaugeTestOpsSession called with testObservabilityExplicit: false, framework: null, returning: false
15:21:28.869 [main] DEBUG c.browserstack.utils.CurrentTestMap - Searching for Test Run ID for Thread: 1
15:21:28.869 [main] TRACE c.b.config.BrowserStackConfig - isGaugeTestOpsSession called with testObservabilityExplicit: false, framework: null, returning: false
15:21:28.870 [main] TRACE c.b.config.BrowserStackConfig - isGaugeTestOpsSession called with testObservabilityExplicit: false, framework: null, returning: false
15:21:28.875 [main] DEBUG c.b.utils.FunnelInstrumentation - Error in getting Product:
java.lang.NullPointerException: Cannot invoke "String.equalsIgnoreCase(String)" because the return value of "com.browserstack.config.BrowserStackConfig.getFramework()" is null
	at com.browserstack.utils.FunnelInstrumentation.a(Unknown Source)
	at java.base/java.util.stream.MatchOps$1MatchSink.accept(MatchOps.java:90)
	at java.base/java.util.Spliterators$ArraySpliterator.tryAdvance(Spliterators.java:1034)
	at java.base/java.util.stream.ReferencePipeline.forEachWithCancel(ReferencePipeline.java:144)
	at java.base/java.util.stream.AbstractPipeline.copyIntoWithCancel(AbstractPipeline.java:574)
	at java.base/java.util.stream.AbstractPipeline.copyInto(AbstractPipeline.java:560)
	at java.base/java.util.stream.AbstractPipeline.wrapAndCopyInto(AbstractPipeline.java:546)
	at java.base/java.util.stream.MatchOps$MatchOp.evaluateSequential(MatchOps.java:230)
	at java.base/java.util.stream.MatchOps$MatchOp.evaluateSequential(MatchOps.java:196)
	at java.base/java.util.stream.AbstractPipeline.evaluate(AbstractPipeline.java:265)
	at java.base/java.util.stream.ReferencePipeline.anyMatch(ReferencePipeline.java:647)
	at com.browserstack.utils.FunnelInstrumentation.getProducts(Unknown Source)
	at com.browserstack.utils.FunnelInstrumentation.createParamsForEvent(Unknown Source)
	at com.browserstack.utils.FunnelInstrumentation.sendSDKEvent(Unknown Source)
	at com.browserstack.testNgListeners.TmpSuiteListener.onFinish(Unknown Source)
	at org.testng.TestRunner.fireEvent(TestRunner.java:923)
	at org.testng.TestRunner.afterRun(TestRunner.java:887)
	at org.testng.TestRunner.run(TestRunner.java:599)
	at org.testng.SuiteRunner.runTest(SuiteRunner.java:377)
	at org.testng.SuiteRunner.runSequentially(SuiteRunner.java:371)
	at org.testng.SuiteRunner.privateRun(SuiteRunner.java:332)
	at org.testng.SuiteRunner.run(SuiteRunner.java:276)
	at org.testng.SuiteRunnerWorker.runSuite(SuiteRunnerWorker.java:53)
	at org.testng.SuiteRunnerWorker.run(SuiteRunnerWorker.java:96)
	at org.testng.TestNG.runSuitesSequentially(TestNG.java:1212)
	at org.testng.TestNG.runSuitesLocally(TestNG.java:1134)
	at org.testng.TestNG.runSuites(TestNG.java:1063)
	at org.testng.TestNG.run(TestNG.java:1031)
	at org.testng.remote.AbstractRemoteTestNG.run(AbstractRemoteTestNG.java:115)
	at org.testng.remote.RemoteTestNG.initAndRun(RemoteTestNG.java:293)
	at org.testng.remote.RemoteTestNG.main(RemoteTestNG.java:91)
15:21:28.876 [main] TRACE c.b.config.BrowserStackConfig - isGaugeTestOpsSession called with testObservabilityExplicit: false, framework: null, returning: false
15:21:28.888 [main] DEBUG c.b.utils.FrameworkDetectionUtils - Couldn't find dependency class: appium
15:21:28.966 [main] DEBUG com.browserstack.testOps.UsageStats - getFormattedData: Collecting data for TestObservability
15:21:28.966 [main] TRACE c.b.config.BrowserStackConfig - isGaugeTestOpsSession called with testObservabilityExplicit: false, framework: null, returning: false
15:21:29.013 [main] TRACE c.b.t.TestOrchestrationUtils - getInstrumentationData: invoked
15:21:29.023 [main] DEBUG c.b.utils.FunnelInstrumentation - Sending funnel data for SDKTestSuccessful with data: {"event_type":"SDKTestSuccessful","accessKey":"[REDACTED]","userName":"[REDACTED]","event_properties":{"isPercyAutoEnabled":false,"language":"java","sdkRunId":"5dd609d5-f7ae-480a-bca6-bf144a3c61ea","buildIdentifier":"unknown","testhub_uuid":"","detectedAppiumVersion":"null","productMap":{"app_automate":false,"accessibility":null,"automate":true,"percy":false,"observability":false,"turboscale":false},"hostname":"DESKTOP-QVD64FI","measures":{"sdk:pre-test":0.027000010013580322},"productUsage":{"testObservability":{"buildHashedId":"","manuallySet":false,"enabled":false}},"browserStackConfig":{"browserstackLocal":null,"percy":false,"logLevel":"info","staticWebDriver":true,"autoDetectFramework":true,"percyCaptureMode":"AUTO","browserStackLocalOptions":null,"percyOptions":null,"testContextOptions":{"serenityOverridePlugin":false,"skipSessionStatus":false,"skipSessionName":false},"platforms":null,"parallelsPerPlatform":null,"framework":null,"accessibility":false,"accessibilityOptions":{},"turboScaleOptions":{},"disableAutoCaptureLogs":true,"testObservability":true,"browserstackAutomation":true,"turboScale":false,"testObservabilityOptions":{},"gradleMConfig":null,"proxySettings":null},"automationFrameworkVersion":null,"percyBuildId":null,"product":"[automate]","buildName":"unknown","os":"Windows 11","languageVersion":"22.0.1","appiumVersion":"null","frameworkDetectionInstrumentation":{},"detectedDependencies":"","referrer":"unknown","locationTrigger":"onFinish","accessibilityConfiguration":{"pollingTimeout":30},"language_framework":"unknown","testOrchestration":{"abortBuildOnFailure":{"enabled":false},"retryTestsOnFailure":{"enabled":false},"userConfig":{}},"detectedSeleniumVersion":"4.27.0","automationFramework":"selenium","seleniumVersion":"null"}}
15:21:29.552 [main] DEBUG c.b.utils.FunnelInstrumentation - API Event SDKTestSuccessful, response: {"message":"Unauthorized"}
15:21:29.554 [main] DEBUG c.b.monitoring.PerformanceTester - Failed to append key metrics to file D:\gopal\workspace\Location Tool Automation\log\key-metrics.json
15:21:29.556 [main] DEBUG c.browserstack.utils.CurrentTestMap - Searching for Test Run ID for Thread: 1
15:21:29.556 [main] TRACE c.b.config.BrowserStackConfig - isGaugeTestOpsSession called with testObservabilityExplicit: false, framework: null, returning: false
15:23:49.835 [main] TRACE c.b.config.BrowserStackConfig - isGaugeTestOpsSession called with testObservabilityExplicit: false, framework: null, returning: false
15:23:49.837 [main] WARN  c.b.config.BrowserStackConfig - Test Observability could not be enabled because framework detected is null. We currently support frameworks testng, cucumber-testng & serenity
15:23:50.263 [main] DEBUG com.browserstack.v2.SdkCliUtils - File C:\Users\GopalSakhiya\.browserstack already exist
15:23:50.264 [main] DEBUG com.browserstack.v2.SdkCliUtils - getExistingCliPath: no binary found
15:23:50.264 [main] DEBUG com.browserstack.v2.SdkCliUtils - Current CLI Path Found: 
15:23:51.074 [main] ERROR com.browserstack.v2.SdkCliUtils - Error in setting up cli path directory, Exception: Unexpected token END OF FILE at position 0.
	at browserstack.shaded.org.json.simple.parser.JSONParser.parse(Unknown Source)
	at browserstack.shaded.org.json.simple.parser.JSONParser.parse(Unknown Source)
	at browserstack.shaded.org.json.simple.parser.JSONParser.parse(Unknown Source)
	at com.browserstack.v2.SdkCliUtils.checkAndUpdateCli(Unknown Source)
	at com.browserstack.v2.SdkCliUtils.setupCliPath(Unknown Source)
	at com.browserstack.v2.SdkCLI.<clinit>(Unknown Source)
	at com.browserstack.monitoring.PerformanceTester.measure(Unknown Source)
	at com.browserstack.monitoring.PerformanceTester.end(Unknown Source)
	at com.browserstack.testNgListeners.BrowserstackSuiteListener.a(Unknown Source)
	at com.browserstack.testNgListeners.BrowserstackSuiteListener.onStart(Unknown Source)
	at org.testng.SuiteRunner.invokeListeners(SuiteRunner.java:213)
	at org.testng.SuiteRunner.run(SuiteRunner.java:274)
	at org.testng.SuiteRunnerWorker.runSuite(SuiteRunnerWorker.java:53)
	at org.testng.SuiteRunnerWorker.run(SuiteRunnerWorker.java:96)
	at org.testng.TestNG.runSuitesSequentially(TestNG.java:1212)
	at org.testng.TestNG.runSuitesLocally(TestNG.java:1134)
	at org.testng.TestNG.runSuites(TestNG.java:1063)
	at org.testng.TestNG.run(TestNG.java:1031)
	at org.testng.remote.AbstractRemoteTestNG.run(AbstractRemoteTestNG.java:115)
	at org.testng.remote.RemoteTestNG.initAndRun(RemoteTestNG.java:293)
	at org.testng.remote.RemoteTestNG.main(RemoteTestNG.java:91)

15:23:51.079 [main] DEBUG c.b.monitoring.PerformanceTester - Failed to append key metrics to file D:\gopal\workspace\Location Tool Automation\log\key-metrics.json
15:23:51.138 [main] DEBUG c.browserstack.utils.CurrentTestMap - Searching for Test Run ID for Thread: 1
15:23:51.138 [main] TRACE c.b.config.BrowserStackConfig - isGaugeTestOpsSession called with testObservabilityExplicit: false, framework: null, returning: false
15:24:54.986 [main] DEBUG c.browserstack.utils.CurrentTestMap - Searching for Test Run ID for Thread: 1
15:24:54.986 [main] TRACE c.b.config.BrowserStackConfig - isGaugeTestOpsSession called with testObservabilityExplicit: false, framework: null, returning: false
15:24:54.988 [main] DEBUG c.browserstack.utils.CurrentTestMap - Searching for Test Run ID for Thread: 1
15:24:54.989 [main] TRACE c.b.config.BrowserStackConfig - isGaugeTestOpsSession called with testObservabilityExplicit: false, framework: null, returning: false
15:24:54.990 [main] TRACE c.b.config.BrowserStackConfig - isGaugeTestOpsSession called with testObservabilityExplicit: false, framework: null, returning: false
15:24:54.993 [main] DEBUG c.b.utils.FunnelInstrumentation - Error in getting Product:
java.lang.NullPointerException: Cannot invoke "String.equalsIgnoreCase(String)" because the return value of "com.browserstack.config.BrowserStackConfig.getFramework()" is null
	at com.browserstack.utils.FunnelInstrumentation.a(Unknown Source)
	at java.base/java.util.stream.MatchOps$1MatchSink.accept(MatchOps.java:90)
	at java.base/java.util.Spliterators$ArraySpliterator.tryAdvance(Spliterators.java:1034)
	at java.base/java.util.stream.ReferencePipeline.forEachWithCancel(ReferencePipeline.java:144)
	at java.base/java.util.stream.AbstractPipeline.copyIntoWithCancel(AbstractPipeline.java:574)
	at java.base/java.util.stream.AbstractPipeline.copyInto(AbstractPipeline.java:560)
	at java.base/java.util.stream.AbstractPipeline.wrapAndCopyInto(AbstractPipeline.java:546)
	at java.base/java.util.stream.MatchOps$MatchOp.evaluateSequential(MatchOps.java:230)
	at java.base/java.util.stream.MatchOps$MatchOp.evaluateSequential(MatchOps.java:196)
	at java.base/java.util.stream.AbstractPipeline.evaluate(AbstractPipeline.java:265)
	at java.base/java.util.stream.ReferencePipeline.anyMatch(ReferencePipeline.java:647)
	at com.browserstack.utils.FunnelInstrumentation.getProducts(Unknown Source)
	at com.browserstack.utils.FunnelInstrumentation.createParamsForEvent(Unknown Source)
	at com.browserstack.utils.FunnelInstrumentation.sendSDKEvent(Unknown Source)
	at com.browserstack.testNgListeners.TmpSuiteListener.onFinish(Unknown Source)
	at org.testng.TestRunner.fireEvent(TestRunner.java:923)
	at org.testng.TestRunner.afterRun(TestRunner.java:887)
	at org.testng.TestRunner.run(TestRunner.java:599)
	at org.testng.SuiteRunner.runTest(SuiteRunner.java:377)
	at org.testng.SuiteRunner.runSequentially(SuiteRunner.java:371)
	at org.testng.SuiteRunner.privateRun(SuiteRunner.java:332)
	at org.testng.SuiteRunner.run(SuiteRunner.java:276)
	at org.testng.SuiteRunnerWorker.runSuite(SuiteRunnerWorker.java:53)
	at org.testng.SuiteRunnerWorker.run(SuiteRunnerWorker.java:96)
	at org.testng.TestNG.runSuitesSequentially(TestNG.java:1212)
	at org.testng.TestNG.runSuitesLocally(TestNG.java:1134)
	at org.testng.TestNG.runSuites(TestNG.java:1063)
	at org.testng.TestNG.run(TestNG.java:1031)
	at org.testng.remote.AbstractRemoteTestNG.run(AbstractRemoteTestNG.java:115)
	at org.testng.remote.RemoteTestNG.initAndRun(RemoteTestNG.java:293)
	at org.testng.remote.RemoteTestNG.main(RemoteTestNG.java:91)
15:24:54.995 [main] TRACE c.b.config.BrowserStackConfig - isGaugeTestOpsSession called with testObservabilityExplicit: false, framework: null, returning: false
15:24:55.007 [main] DEBUG c.b.utils.FrameworkDetectionUtils - Couldn't find dependency class: appium
15:24:55.075 [main] DEBUG com.browserstack.testOps.UsageStats - getFormattedData: Collecting data for TestObservability
15:24:55.075 [main] TRACE c.b.config.BrowserStackConfig - isGaugeTestOpsSession called with testObservabilityExplicit: false, framework: null, returning: false
15:24:55.118 [main] TRACE c.b.t.TestOrchestrationUtils - getInstrumentationData: invoked
15:24:55.128 [main] DEBUG c.b.utils.FunnelInstrumentation - Sending funnel data for SDKTestSuccessful with data: {"event_type":"SDKTestSuccessful","accessKey":"[REDACTED]","userName":"[REDACTED]","event_properties":{"isPercyAutoEnabled":false,"language":"java","sdkRunId":"c0166b44-d0f5-45e9-8cc2-984fcc72d7dd","buildIdentifier":"unknown","testhub_uuid":"","detectedAppiumVersion":"null","productMap":{"app_automate":false,"accessibility":null,"automate":true,"percy":false,"observability":false,"turboscale":false},"hostname":"DESKTOP-QVD64FI","measures":{"sdk:pre-test":0.02590000629425049},"productUsage":{"testObservability":{"buildHashedId":"","manuallySet":false,"enabled":false}},"browserStackConfig":{"browserstackLocal":null,"percy":false,"logLevel":"info","staticWebDriver":true,"autoDetectFramework":true,"percyCaptureMode":"AUTO","browserStackLocalOptions":null,"percyOptions":null,"testContextOptions":{"skipSessionName":false,"serenityOverridePlugin":false,"skipSessionStatus":false},"platforms":null,"parallelsPerPlatform":null,"framework":null,"accessibility":false,"accessibilityOptions":{},"turboScaleOptions":{},"disableAutoCaptureLogs":true,"testObservability":true,"browserstackAutomation":true,"turboScale":false,"testObservabilityOptions":{},"gradleMConfig":null,"proxySettings":null},"automationFrameworkVersion":null,"percyBuildId":null,"product":"[automate]","buildName":"unknown","os":"Windows 11","languageVersion":"22.0.1","appiumVersion":"null","frameworkDetectionInstrumentation":{},"detectedDependencies":"","referrer":"unknown","locationTrigger":"onFinish","accessibilityConfiguration":{"pollingTimeout":30},"language_framework":"unknown","testOrchestration":{"abortBuildOnFailure":{"enabled":false},"retryTestsOnFailure":{"enabled":false},"userConfig":{}},"detectedSeleniumVersion":"4.27.0","automationFramework":"selenium","seleniumVersion":"null"}}
15:24:58.713 [main] DEBUG c.b.utils.FunnelInstrumentation - API Event SDKTestSuccessful, response: {"message":"Unauthorized"}
15:24:58.716 [main] DEBUG c.b.monitoring.PerformanceTester - Failed to append key metrics to file D:\gopal\workspace\Location Tool Automation\log\key-metrics.json
15:24:58.719 [main] DEBUG c.browserstack.utils.CurrentTestMap - Searching for Test Run ID for Thread: 1
15:24:58.719 [main] TRACE c.b.config.BrowserStackConfig - isGaugeTestOpsSession called with testObservabilityExplicit: false, framework: null, returning: false
15:25:04.211 [main] TRACE c.b.config.BrowserStackConfig - isGaugeTestOpsSession called with testObservabilityExplicit: false, framework: null, returning: false
15:25:04.214 [main] WARN  c.b.config.BrowserStackConfig - Test Observability could not be enabled because framework detected is null. We currently support frameworks testng, cucumber-testng & serenity
15:25:04.625 [main] DEBUG com.browserstack.v2.SdkCliUtils - File C:\Users\GopalSakhiya\.browserstack already exist
15:25:04.626 [main] DEBUG com.browserstack.v2.SdkCliUtils - getExistingCliPath: no binary found
15:25:04.627 [main] DEBUG com.browserstack.v2.SdkCliUtils - Current CLI Path Found: 
15:25:05.435 [main] ERROR com.browserstack.v2.SdkCliUtils - Error in setting up cli path directory, Exception: Unexpected token END OF FILE at position 0.
	at browserstack.shaded.org.json.simple.parser.JSONParser.parse(Unknown Source)
	at browserstack.shaded.org.json.simple.parser.JSONParser.parse(Unknown Source)
	at browserstack.shaded.org.json.simple.parser.JSONParser.parse(Unknown Source)
	at com.browserstack.v2.SdkCliUtils.checkAndUpdateCli(Unknown Source)
	at com.browserstack.v2.SdkCliUtils.setupCliPath(Unknown Source)
	at com.browserstack.v2.SdkCLI.<clinit>(Unknown Source)
	at com.browserstack.monitoring.PerformanceTester.measure(Unknown Source)
	at com.browserstack.monitoring.PerformanceTester.end(Unknown Source)
	at com.browserstack.testNgListeners.BrowserstackSuiteListener.a(Unknown Source)
	at com.browserstack.testNgListeners.BrowserstackSuiteListener.onStart(Unknown Source)
	at org.testng.SuiteRunner.invokeListeners(SuiteRunner.java:213)
	at org.testng.SuiteRunner.run(SuiteRunner.java:274)
	at org.testng.SuiteRunnerWorker.runSuite(SuiteRunnerWorker.java:53)
	at org.testng.SuiteRunnerWorker.run(SuiteRunnerWorker.java:96)
	at org.testng.TestNG.runSuitesSequentially(TestNG.java:1212)
	at org.testng.TestNG.runSuitesLocally(TestNG.java:1134)
	at org.testng.TestNG.runSuites(TestNG.java:1063)
	at org.testng.TestNG.run(TestNG.java:1031)
	at org.testng.remote.AbstractRemoteTestNG.run(AbstractRemoteTestNG.java:115)
	at org.testng.remote.RemoteTestNG.initAndRun(RemoteTestNG.java:293)
	at org.testng.remote.RemoteTestNG.main(RemoteTestNG.java:91)

15:25:05.440 [main] DEBUG c.b.monitoring.PerformanceTester - Failed to append key metrics to file D:\gopal\workspace\Location Tool Automation\log\key-metrics.json
15:25:05.487 [main] DEBUG c.browserstack.utils.CurrentTestMap - Searching for Test Run ID for Thread: 1
15:25:05.487 [main] TRACE c.b.config.BrowserStackConfig - isGaugeTestOpsSession called with testObservabilityExplicit: false, framework: null, returning: false
15:25:40.069 [main] DEBUG c.browserstack.utils.CurrentTestMap - Searching for Test Run ID for Thread: 1
15:25:40.071 [main] TRACE c.b.config.BrowserStackConfig - isGaugeTestOpsSession called with testObservabilityExplicit: false, framework: null, returning: false
15:25:40.073 [main] DEBUG c.browserstack.utils.CurrentTestMap - Searching for Test Run ID for Thread: 1
15:25:40.073 [main] TRACE c.b.config.BrowserStackConfig - isGaugeTestOpsSession called with testObservabilityExplicit: false, framework: null, returning: false
15:25:40.077 [main] TRACE c.b.config.BrowserStackConfig - isGaugeTestOpsSession called with testObservabilityExplicit: false, framework: null, returning: false
15:25:40.082 [main] DEBUG c.b.utils.FunnelInstrumentation - Error in getting Product:
java.lang.NullPointerException: Cannot invoke "String.equalsIgnoreCase(String)" because the return value of "com.browserstack.config.BrowserStackConfig.getFramework()" is null
	at com.browserstack.utils.FunnelInstrumentation.a(Unknown Source)
	at java.base/java.util.stream.MatchOps$1MatchSink.accept(MatchOps.java:90)
	at java.base/java.util.Spliterators$ArraySpliterator.tryAdvance(Spliterators.java:1034)
	at java.base/java.util.stream.ReferencePipeline.forEachWithCancel(ReferencePipeline.java:144)
	at java.base/java.util.stream.AbstractPipeline.copyIntoWithCancel(AbstractPipeline.java:574)
	at java.base/java.util.stream.AbstractPipeline.copyInto(AbstractPipeline.java:560)
	at java.base/java.util.stream.AbstractPipeline.wrapAndCopyInto(AbstractPipeline.java:546)
	at java.base/java.util.stream.MatchOps$MatchOp.evaluateSequential(MatchOps.java:230)
	at java.base/java.util.stream.MatchOps$MatchOp.evaluateSequential(MatchOps.java:196)
	at java.base/java.util.stream.AbstractPipeline.evaluate(AbstractPipeline.java:265)
	at java.base/java.util.stream.ReferencePipeline.anyMatch(ReferencePipeline.java:647)
	at com.browserstack.utils.FunnelInstrumentation.getProducts(Unknown Source)
	at com.browserstack.utils.FunnelInstrumentation.createParamsForEvent(Unknown Source)
	at com.browserstack.utils.FunnelInstrumentation.sendSDKEvent(Unknown Source)
	at com.browserstack.testNgListeners.TmpSuiteListener.onFinish(Unknown Source)
	at org.testng.TestRunner.fireEvent(TestRunner.java:923)
	at org.testng.TestRunner.afterRun(TestRunner.java:887)
	at org.testng.TestRunner.run(TestRunner.java:599)
	at org.testng.SuiteRunner.runTest(SuiteRunner.java:377)
	at org.testng.SuiteRunner.runSequentially(SuiteRunner.java:371)
	at org.testng.SuiteRunner.privateRun(SuiteRunner.java:332)
	at org.testng.SuiteRunner.run(SuiteRunner.java:276)
	at org.testng.SuiteRunnerWorker.runSuite(SuiteRunnerWorker.java:53)
	at org.testng.SuiteRunnerWorker.run(SuiteRunnerWorker.java:96)
	at org.testng.TestNG.runSuitesSequentially(TestNG.java:1212)
	at org.testng.TestNG.runSuitesLocally(TestNG.java:1134)
	at org.testng.TestNG.runSuites(TestNG.java:1063)
	at org.testng.TestNG.run(TestNG.java:1031)
	at org.testng.remote.AbstractRemoteTestNG.run(AbstractRemoteTestNG.java:115)
	at org.testng.remote.RemoteTestNG.initAndRun(RemoteTestNG.java:293)
	at org.testng.remote.RemoteTestNG.main(RemoteTestNG.java:91)
15:25:40.083 [main] TRACE c.b.config.BrowserStackConfig - isGaugeTestOpsSession called with testObservabilityExplicit: false, framework: null, returning: false
15:25:40.099 [main] DEBUG c.b.utils.FrameworkDetectionUtils - Couldn't find dependency class: appium
15:25:40.178 [main] DEBUG com.browserstack.testOps.UsageStats - getFormattedData: Collecting data for TestObservability
15:25:40.178 [main] TRACE c.b.config.BrowserStackConfig - isGaugeTestOpsSession called with testObservabilityExplicit: false, framework: null, returning: false
15:25:40.221 [main] TRACE c.b.t.TestOrchestrationUtils - getInstrumentationData: invoked
15:25:40.237 [main] DEBUG c.b.utils.FunnelInstrumentation - Sending funnel data for SDKTestSuccessful with data: {"event_type":"SDKTestSuccessful","accessKey":"[REDACTED]","userName":"[REDACTED]","event_properties":{"isPercyAutoEnabled":false,"language":"java","sdkRunId":"d271cdbb-a7ea-4009-8d79-fdd207ca588d","buildIdentifier":"unknown","testhub_uuid":"","detectedAppiumVersion":"null","productMap":{"app_automate":false,"accessibility":null,"automate":true,"percy":false,"observability":false,"turboscale":false},"hostname":"DESKTOP-QVD64FI","measures":{"sdk:pre-test":0.03539997339248657},"productUsage":{"testObservability":{"buildHashedId":"","manuallySet":false,"enabled":false}},"browserStackConfig":{"browserstackLocal":null,"percy":false,"logLevel":"info","staticWebDriver":true,"autoDetectFramework":true,"percyCaptureMode":"AUTO","browserStackLocalOptions":null,"percyOptions":null,"testContextOptions":{"skipSessionStatus":false,"skipSessionName":false,"serenityOverridePlugin":false},"platforms":null,"parallelsPerPlatform":null,"framework":null,"accessibility":false,"accessibilityOptions":{},"turboScaleOptions":{},"disableAutoCaptureLogs":true,"testObservability":true,"browserstackAutomation":true,"turboScale":false,"testObservabilityOptions":{},"gradleMConfig":null,"proxySettings":null},"automationFrameworkVersion":null,"percyBuildId":null,"product":"[automate]","buildName":"unknown","os":"Windows 11","languageVersion":"22.0.1","appiumVersion":"null","frameworkDetectionInstrumentation":{},"detectedDependencies":"","referrer":"unknown","locationTrigger":"onFinish","accessibilityConfiguration":{"pollingTimeout":30},"language_framework":"unknown","testOrchestration":{"abortBuildOnFailure":{"enabled":false},"retryTestsOnFailure":{"enabled":false},"userConfig":{}},"detectedSeleniumVersion":"4.27.0","automationFramework":"selenium","seleniumVersion":"null"}}
15:25:40.695 [main] DEBUG c.b.utils.FunnelInstrumentation - API Event SDKTestSuccessful, response: {"message":"Unauthorized"}
15:25:40.695 [main] DEBUG c.b.monitoring.PerformanceTester - Failed to append key metrics to file D:\gopal\workspace\Location Tool Automation\log\key-metrics.json
15:25:40.695 [main] DEBUG c.browserstack.utils.CurrentTestMap - Searching for Test Run ID for Thread: 1
15:25:40.695 [main] TRACE c.b.config.BrowserStackConfig - isGaugeTestOpsSession called with testObservabilityExplicit: false, framework: null, returning: false
15:26:21.185 [main] TRACE c.b.config.BrowserStackConfig - isGaugeTestOpsSession called with testObservabilityExplicit: false, framework: null, returning: false
15:26:21.187 [main] WARN  c.b.config.BrowserStackConfig - Test Observability could not be enabled because framework detected is null. We currently support frameworks testng, cucumber-testng & serenity
15:26:21.631 [main] DEBUG com.browserstack.v2.SdkCliUtils - File C:\Users\GopalSakhiya\.browserstack already exist
15:26:21.633 [main] DEBUG com.browserstack.v2.SdkCliUtils - getExistingCliPath: no binary found
15:26:21.633 [main] DEBUG com.browserstack.v2.SdkCliUtils - Current CLI Path Found: 
15:26:22.601 [main] ERROR com.browserstack.v2.SdkCliUtils - Error in setting up cli path directory, Exception: Unexpected token END OF FILE at position 0.
	at browserstack.shaded.org.json.simple.parser.JSONParser.parse(Unknown Source)
	at browserstack.shaded.org.json.simple.parser.JSONParser.parse(Unknown Source)
	at browserstack.shaded.org.json.simple.parser.JSONParser.parse(Unknown Source)
	at com.browserstack.v2.SdkCliUtils.checkAndUpdateCli(Unknown Source)
	at com.browserstack.v2.SdkCliUtils.setupCliPath(Unknown Source)
	at com.browserstack.v2.SdkCLI.<clinit>(Unknown Source)
	at com.browserstack.monitoring.PerformanceTester.measure(Unknown Source)
	at com.browserstack.monitoring.PerformanceTester.end(Unknown Source)
	at com.browserstack.testNgListeners.BrowserstackSuiteListener.a(Unknown Source)
	at com.browserstack.testNgListeners.BrowserstackSuiteListener.onStart(Unknown Source)
	at org.testng.SuiteRunner.invokeListeners(SuiteRunner.java:213)
	at org.testng.SuiteRunner.run(SuiteRunner.java:274)
	at org.testng.SuiteRunnerWorker.runSuite(SuiteRunnerWorker.java:53)
	at org.testng.SuiteRunnerWorker.run(SuiteRunnerWorker.java:96)
	at org.testng.TestNG.runSuitesSequentially(TestNG.java:1212)
	at org.testng.TestNG.runSuitesLocally(TestNG.java:1134)
	at org.testng.TestNG.runSuites(TestNG.java:1063)
	at org.testng.TestNG.run(TestNG.java:1031)
	at org.testng.remote.AbstractRemoteTestNG.run(AbstractRemoteTestNG.java:115)
	at org.testng.remote.RemoteTestNG.initAndRun(RemoteTestNG.java:293)
	at org.testng.remote.RemoteTestNG.main(RemoteTestNG.java:91)

15:26:22.614 [main] DEBUG c.b.monitoring.PerformanceTester - Failed to append key metrics to file D:\gopal\workspace\Location Tool Automation\log\key-metrics.json
15:26:22.667 [main] DEBUG c.browserstack.utils.CurrentTestMap - Searching for Test Run ID for Thread: 1
15:26:22.667 [main] TRACE c.b.config.BrowserStackConfig - isGaugeTestOpsSession called with testObservabilityExplicit: false, framework: null, returning: false
15:27:04.363 [main] DEBUG c.browserstack.utils.CurrentTestMap - Searching for Test Run ID for Thread: 1
15:27:04.363 [main] TRACE c.b.config.BrowserStackConfig - isGaugeTestOpsSession called with testObservabilityExplicit: false, framework: null, returning: false
15:27:04.366 [main] DEBUG c.browserstack.utils.CurrentTestMap - Searching for Test Run ID for Thread: 1
15:27:04.366 [main] TRACE c.b.config.BrowserStackConfig - isGaugeTestOpsSession called with testObservabilityExplicit: false, framework: null, returning: false
15:27:04.366 [main] TRACE c.b.config.BrowserStackConfig - isGaugeTestOpsSession called with testObservabilityExplicit: false, framework: null, returning: false
15:27:04.372 [main] DEBUG c.b.utils.FunnelInstrumentation - Error in getting Product:
java.lang.NullPointerException: Cannot invoke "String.equalsIgnoreCase(String)" because the return value of "com.browserstack.config.BrowserStackConfig.getFramework()" is null
	at com.browserstack.utils.FunnelInstrumentation.a(Unknown Source)
	at java.base/java.util.stream.MatchOps$1MatchSink.accept(MatchOps.java:90)
	at java.base/java.util.Spliterators$ArraySpliterator.tryAdvance(Spliterators.java:1034)
	at java.base/java.util.stream.ReferencePipeline.forEachWithCancel(ReferencePipeline.java:144)
	at java.base/java.util.stream.AbstractPipeline.copyIntoWithCancel(AbstractPipeline.java:574)
	at java.base/java.util.stream.AbstractPipeline.copyInto(AbstractPipeline.java:560)
	at java.base/java.util.stream.AbstractPipeline.wrapAndCopyInto(AbstractPipeline.java:546)
	at java.base/java.util.stream.MatchOps$MatchOp.evaluateSequential(MatchOps.java:230)
	at java.base/java.util.stream.MatchOps$MatchOp.evaluateSequential(MatchOps.java:196)
	at java.base/java.util.stream.AbstractPipeline.evaluate(AbstractPipeline.java:265)
	at java.base/java.util.stream.ReferencePipeline.anyMatch(ReferencePipeline.java:647)
	at com.browserstack.utils.FunnelInstrumentation.getProducts(Unknown Source)
	at com.browserstack.utils.FunnelInstrumentation.createParamsForEvent(Unknown Source)
	at com.browserstack.utils.FunnelInstrumentation.sendSDKEvent(Unknown Source)
	at com.browserstack.testNgListeners.TmpSuiteListener.onFinish(Unknown Source)
	at org.testng.TestRunner.fireEvent(TestRunner.java:923)
	at org.testng.TestRunner.afterRun(TestRunner.java:887)
	at org.testng.TestRunner.run(TestRunner.java:599)
	at org.testng.SuiteRunner.runTest(SuiteRunner.java:377)
	at org.testng.SuiteRunner.runSequentially(SuiteRunner.java:371)
	at org.testng.SuiteRunner.privateRun(SuiteRunner.java:332)
	at org.testng.SuiteRunner.run(SuiteRunner.java:276)
	at org.testng.SuiteRunnerWorker.runSuite(SuiteRunnerWorker.java:53)
	at org.testng.SuiteRunnerWorker.run(SuiteRunnerWorker.java:96)
	at org.testng.TestNG.runSuitesSequentially(TestNG.java:1212)
	at org.testng.TestNG.runSuitesLocally(TestNG.java:1134)
	at org.testng.TestNG.runSuites(TestNG.java:1063)
	at org.testng.TestNG.run(TestNG.java:1031)
	at org.testng.remote.AbstractRemoteTestNG.run(AbstractRemoteTestNG.java:115)
	at org.testng.remote.RemoteTestNG.initAndRun(RemoteTestNG.java:293)
	at org.testng.remote.RemoteTestNG.main(RemoteTestNG.java:91)
15:27:04.375 [main] TRACE c.b.config.BrowserStackConfig - isGaugeTestOpsSession called with testObservabilityExplicit: false, framework: null, returning: false
15:27:04.385 [main] DEBUG c.b.utils.FrameworkDetectionUtils - Couldn't find dependency class: appium
15:27:04.464 [main] DEBUG com.browserstack.testOps.UsageStats - getFormattedData: Collecting data for TestObservability
15:27:04.465 [main] TRACE c.b.config.BrowserStackConfig - isGaugeTestOpsSession called with testObservabilityExplicit: false, framework: null, returning: false
15:27:04.506 [main] TRACE c.b.t.TestOrchestrationUtils - getInstrumentationData: invoked
15:27:04.516 [main] DEBUG c.b.utils.FunnelInstrumentation - Sending funnel data for SDKTestSuccessful with data: {"event_type":"SDKTestSuccessful","accessKey":"[REDACTED]","userName":"[REDACTED]","event_properties":{"isPercyAutoEnabled":false,"language":"java","sdkRunId":"71fd5a95-cdcf-460c-8424-f7fd79345938","buildIdentifier":"unknown","testhub_uuid":"","detectedAppiumVersion":"null","productMap":{"app_automate":false,"accessibility":null,"automate":true,"percy":false,"observability":false,"turboscale":false},"hostname":"DESKTOP-QVD64FI","measures":{"sdk:pre-test":0.03139996528625488},"productUsage":{"testObservability":{"buildHashedId":"","manuallySet":false,"enabled":false}},"browserStackConfig":{"browserstackLocal":null,"percy":false,"logLevel":"info","staticWebDriver":true,"autoDetectFramework":true,"percyCaptureMode":"AUTO","browserStackLocalOptions":null,"percyOptions":null,"testContextOptions":{"skipSessionName":false,"serenityOverridePlugin":false,"skipSessionStatus":false},"platforms":null,"parallelsPerPlatform":null,"framework":null,"accessibility":false,"accessibilityOptions":{},"turboScaleOptions":{},"disableAutoCaptureLogs":true,"testObservability":true,"browserstackAutomation":true,"turboScale":false,"testObservabilityOptions":{},"gradleMConfig":null,"proxySettings":null},"automationFrameworkVersion":null,"percyBuildId":null,"product":"[automate]","buildName":"unknown","os":"Windows 11","languageVersion":"22.0.1","appiumVersion":"null","frameworkDetectionInstrumentation":{},"detectedDependencies":"","referrer":"unknown","locationTrigger":"onFinish","accessibilityConfiguration":{"pollingTimeout":30},"language_framework":"unknown","testOrchestration":{"abortBuildOnFailure":{"enabled":false},"retryTestsOnFailure":{"enabled":false},"userConfig":{}},"detectedSeleniumVersion":"4.27.0","automationFramework":"selenium","seleniumVersion":"null"}}
15:27:05.017 [main] DEBUG c.b.utils.FunnelInstrumentation - API Event SDKTestSuccessful, response: {"message":"Unauthorized"}
15:27:05.022 [main] DEBUG c.b.monitoring.PerformanceTester - Failed to append key metrics to file D:\gopal\workspace\Location Tool Automation\log\key-metrics.json
15:27:05.026 [main] DEBUG c.browserstack.utils.CurrentTestMap - Searching for Test Run ID for Thread: 1
15:27:05.026 [main] TRACE c.b.config.BrowserStackConfig - isGaugeTestOpsSession called with testObservabilityExplicit: false, framework: null, returning: false
15:27:13.527 [main] TRACE c.b.config.BrowserStackConfig - isGaugeTestOpsSession called with testObservabilityExplicit: false, framework: null, returning: false
15:27:13.530 [main] WARN  c.b.config.BrowserStackConfig - Test Observability could not be enabled because framework detected is null. We currently support frameworks testng, cucumber-testng & serenity
15:27:13.947 [main] DEBUG com.browserstack.v2.SdkCliUtils - File C:\Users\GopalSakhiya\.browserstack already exist
15:27:13.949 [main] DEBUG com.browserstack.v2.SdkCliUtils - getExistingCliPath: no binary found
15:27:13.949 [main] DEBUG com.browserstack.v2.SdkCliUtils - Current CLI Path Found: 
15:27:14.761 [main] ERROR com.browserstack.v2.SdkCliUtils - Error in setting up cli path directory, Exception: Unexpected token END OF FILE at position 0.
	at browserstack.shaded.org.json.simple.parser.JSONParser.parse(Unknown Source)
	at browserstack.shaded.org.json.simple.parser.JSONParser.parse(Unknown Source)
	at browserstack.shaded.org.json.simple.parser.JSONParser.parse(Unknown Source)
	at com.browserstack.v2.SdkCliUtils.checkAndUpdateCli(Unknown Source)
	at com.browserstack.v2.SdkCliUtils.setupCliPath(Unknown Source)
	at com.browserstack.v2.SdkCLI.<clinit>(Unknown Source)
	at com.browserstack.monitoring.PerformanceTester.measure(Unknown Source)
	at com.browserstack.monitoring.PerformanceTester.end(Unknown Source)
	at com.browserstack.testNgListeners.BrowserstackSuiteListener.a(Unknown Source)
	at com.browserstack.testNgListeners.BrowserstackSuiteListener.onStart(Unknown Source)
	at org.testng.SuiteRunner.invokeListeners(SuiteRunner.java:213)
	at org.testng.SuiteRunner.run(SuiteRunner.java:274)
	at org.testng.SuiteRunnerWorker.runSuite(SuiteRunnerWorker.java:53)
	at org.testng.SuiteRunnerWorker.run(SuiteRunnerWorker.java:96)
	at org.testng.TestNG.runSuitesSequentially(TestNG.java:1212)
	at org.testng.TestNG.runSuitesLocally(TestNG.java:1134)
	at org.testng.TestNG.runSuites(TestNG.java:1063)
	at org.testng.TestNG.run(TestNG.java:1031)
	at org.testng.remote.AbstractRemoteTestNG.run(AbstractRemoteTestNG.java:115)
	at org.testng.remote.RemoteTestNG.initAndRun(RemoteTestNG.java:293)
	at org.testng.remote.RemoteTestNG.main(RemoteTestNG.java:91)

15:27:14.767 [main] DEBUG c.b.monitoring.PerformanceTester - Failed to append key metrics to file D:\gopal\workspace\Location Tool Automation\log\key-metrics.json
15:27:14.821 [main] DEBUG c.browserstack.utils.CurrentTestMap - Searching for Test Run ID for Thread: 1
15:27:14.821 [main] TRACE c.b.config.BrowserStackConfig - isGaugeTestOpsSession called with testObservabilityExplicit: false, framework: null, returning: false
15:27:40.405 [main] DEBUG c.browserstack.utils.CurrentTestMap - Searching for Test Run ID for Thread: 1
15:27:40.405 [main] TRACE c.b.config.BrowserStackConfig - isGaugeTestOpsSession called with testObservabilityExplicit: false, framework: null, returning: false
15:27:40.405 [main] DEBUG c.browserstack.utils.CurrentTestMap - Searching for Test Run ID for Thread: 1
15:27:40.405 [main] TRACE c.b.config.BrowserStackConfig - isGaugeTestOpsSession called with testObservabilityExplicit: false, framework: null, returning: false
15:27:40.413 [main] TRACE c.b.config.BrowserStackConfig - isGaugeTestOpsSession called with testObservabilityExplicit: false, framework: null, returning: false
15:27:40.416 [main] DEBUG c.b.utils.FunnelInstrumentation - Error in getting Product:
java.lang.NullPointerException: Cannot invoke "String.equalsIgnoreCase(String)" because the return value of "com.browserstack.config.BrowserStackConfig.getFramework()" is null
	at com.browserstack.utils.FunnelInstrumentation.a(Unknown Source)
	at java.base/java.util.stream.MatchOps$1MatchSink.accept(MatchOps.java:90)
	at java.base/java.util.Spliterators$ArraySpliterator.tryAdvance(Spliterators.java:1034)
	at java.base/java.util.stream.ReferencePipeline.forEachWithCancel(ReferencePipeline.java:144)
	at java.base/java.util.stream.AbstractPipeline.copyIntoWithCancel(AbstractPipeline.java:574)
	at java.base/java.util.stream.AbstractPipeline.copyInto(AbstractPipeline.java:560)
	at java.base/java.util.stream.AbstractPipeline.wrapAndCopyInto(AbstractPipeline.java:546)
	at java.base/java.util.stream.MatchOps$MatchOp.evaluateSequential(MatchOps.java:230)
	at java.base/java.util.stream.MatchOps$MatchOp.evaluateSequential(MatchOps.java:196)
	at java.base/java.util.stream.AbstractPipeline.evaluate(AbstractPipeline.java:265)
	at java.base/java.util.stream.ReferencePipeline.anyMatch(ReferencePipeline.java:647)
	at com.browserstack.utils.FunnelInstrumentation.getProducts(Unknown Source)
	at com.browserstack.utils.FunnelInstrumentation.createParamsForEvent(Unknown Source)
	at com.browserstack.utils.FunnelInstrumentation.sendSDKEvent(Unknown Source)
	at com.browserstack.testNgListeners.TmpSuiteListener.onFinish(Unknown Source)
	at org.testng.TestRunner.fireEvent(TestRunner.java:923)
	at org.testng.TestRunner.afterRun(TestRunner.java:887)
	at org.testng.TestRunner.run(TestRunner.java:599)
	at org.testng.SuiteRunner.runTest(SuiteRunner.java:377)
	at org.testng.SuiteRunner.runSequentially(SuiteRunner.java:371)
	at org.testng.SuiteRunner.privateRun(SuiteRunner.java:332)
	at org.testng.SuiteRunner.run(SuiteRunner.java:276)
	at org.testng.SuiteRunnerWorker.runSuite(SuiteRunnerWorker.java:53)
	at org.testng.SuiteRunnerWorker.run(SuiteRunnerWorker.java:96)
	at org.testng.TestNG.runSuitesSequentially(TestNG.java:1212)
	at org.testng.TestNG.runSuitesLocally(TestNG.java:1134)
	at org.testng.TestNG.runSuites(TestNG.java:1063)
	at org.testng.TestNG.run(TestNG.java:1031)
	at org.testng.remote.AbstractRemoteTestNG.run(AbstractRemoteTestNG.java:115)
	at org.testng.remote.RemoteTestNG.initAndRun(RemoteTestNG.java:293)
	at org.testng.remote.RemoteTestNG.main(RemoteTestNG.java:91)
15:27:40.418 [main] TRACE c.b.config.BrowserStackConfig - isGaugeTestOpsSession called with testObservabilityExplicit: false, framework: null, returning: false
15:27:40.422 [main] DEBUG c.b.utils.FrameworkDetectionUtils - Couldn't find dependency class: appium
15:27:40.495 [main] DEBUG com.browserstack.testOps.UsageStats - getFormattedData: Collecting data for TestObservability
15:27:40.495 [main] TRACE c.b.config.BrowserStackConfig - isGaugeTestOpsSession called with testObservabilityExplicit: false, framework: null, returning: false
15:27:40.533 [main] TRACE c.b.t.TestOrchestrationUtils - getInstrumentationData: invoked
15:27:40.549 [main] DEBUG c.b.utils.FunnelInstrumentation - Sending funnel data for SDKTestSuccessful with data: {"event_type":"SDKTestSuccessful","accessKey":"[REDACTED]","userName":"[REDACTED]","event_properties":{"isPercyAutoEnabled":false,"language":"java","sdkRunId":"aa182ac5-77a1-4291-b125-3c8ffce7e628","buildIdentifier":"unknown","testhub_uuid":"","detectedAppiumVersion":"null","productMap":{"app_automate":false,"accessibility":null,"automate":true,"percy":false,"observability":false,"turboscale":false},"hostname":"DESKTOP-QVD64FI","measures":{"sdk:pre-test":0.024200022220611572},"productUsage":{"testObservability":{"buildHashedId":"","manuallySet":false,"enabled":false}},"browserStackConfig":{"browserstackLocal":null,"percy":false,"logLevel":"info","staticWebDriver":true,"autoDetectFramework":true,"percyCaptureMode":"AUTO","browserStackLocalOptions":null,"percyOptions":null,"testContextOptions":{"skipSessionName":false,"skipSessionStatus":false,"serenityOverridePlugin":false},"platforms":null,"parallelsPerPlatform":null,"framework":null,"accessibility":false,"accessibilityOptions":{},"turboScaleOptions":{},"disableAutoCaptureLogs":true,"testObservability":true,"browserstackAutomation":true,"turboScale":false,"testObservabilityOptions":{},"gradleMConfig":null,"proxySettings":null},"automationFrameworkVersion":null,"percyBuildId":null,"product":"[automate]","buildName":"unknown","os":"Windows 11","languageVersion":"22.0.1","appiumVersion":"null","frameworkDetectionInstrumentation":{},"detectedDependencies":"","referrer":"unknown","locationTrigger":"onFinish","accessibilityConfiguration":{"pollingTimeout":30},"language_framework":"unknown","testOrchestration":{"abortBuildOnFailure":{"enabled":false},"retryTestsOnFailure":{"enabled":false},"userConfig":{}},"detectedSeleniumVersion":"4.27.0","automationFramework":"selenium","seleniumVersion":"null"}}
15:27:41.545 [main] DEBUG c.b.utils.FunnelInstrumentation - API Event SDKTestSuccessful, response: {"message":"Unauthorized"}
15:27:41.545 [main] DEBUG c.b.monitoring.PerformanceTester - Failed to append key metrics to file D:\gopal\workspace\Location Tool Automation\log\key-metrics.json
15:27:41.545 [main] DEBUG c.browserstack.utils.CurrentTestMap - Searching for Test Run ID for Thread: 1
15:27:41.545 [main] TRACE c.b.config.BrowserStackConfig - isGaugeTestOpsSession called with testObservabilityExplicit: false, framework: null, returning: false
15:29:04.984 [main] TRACE c.b.config.BrowserStackConfig - isGaugeTestOpsSession called with testObservabilityExplicit: false, framework: null, returning: false
15:29:04.986 [main] WARN  c.b.config.BrowserStackConfig - Test Observability could not be enabled because framework detected is null. We currently support frameworks testng, cucumber-testng & serenity
15:29:05.386 [main] DEBUG com.browserstack.v2.SdkCliUtils - File C:\Users\GopalSakhiya\.browserstack already exist
15:29:05.387 [main] DEBUG com.browserstack.v2.SdkCliUtils - getExistingCliPath: no binary found
15:29:05.387 [main] DEBUG com.browserstack.v2.SdkCliUtils - Current CLI Path Found: 
15:29:06.249 [main] ERROR com.browserstack.v2.SdkCliUtils - Error in setting up cli path directory, Exception: Unexpected token END OF FILE at position 0.
	at browserstack.shaded.org.json.simple.parser.JSONParser.parse(Unknown Source)
	at browserstack.shaded.org.json.simple.parser.JSONParser.parse(Unknown Source)
	at browserstack.shaded.org.json.simple.parser.JSONParser.parse(Unknown Source)
	at com.browserstack.v2.SdkCliUtils.checkAndUpdateCli(Unknown Source)
	at com.browserstack.v2.SdkCliUtils.setupCliPath(Unknown Source)
	at com.browserstack.v2.SdkCLI.<clinit>(Unknown Source)
	at com.browserstack.monitoring.PerformanceTester.measure(Unknown Source)
	at com.browserstack.monitoring.PerformanceTester.end(Unknown Source)
	at com.browserstack.testNgListeners.BrowserstackSuiteListener.a(Unknown Source)
	at com.browserstack.testNgListeners.BrowserstackSuiteListener.onStart(Unknown Source)
	at org.testng.SuiteRunner.invokeListeners(SuiteRunner.java:213)
	at org.testng.SuiteRunner.run(SuiteRunner.java:274)
	at org.testng.SuiteRunnerWorker.runSuite(SuiteRunnerWorker.java:53)
	at org.testng.SuiteRunnerWorker.run(SuiteRunnerWorker.java:96)
	at org.testng.TestNG.runSuitesSequentially(TestNG.java:1212)
	at org.testng.TestNG.runSuitesLocally(TestNG.java:1134)
	at org.testng.TestNG.runSuites(TestNG.java:1063)
	at org.testng.TestNG.run(TestNG.java:1031)
	at org.testng.remote.AbstractRemoteTestNG.run(AbstractRemoteTestNG.java:115)
	at org.testng.remote.RemoteTestNG.initAndRun(RemoteTestNG.java:293)
	at org.testng.remote.RemoteTestNG.main(RemoteTestNG.java:91)

15:29:06.255 [main] DEBUG c.b.monitoring.PerformanceTester - Failed to append key metrics to file D:\gopal\workspace\Location Tool Automation\log\key-metrics.json
15:29:06.310 [main] DEBUG c.browserstack.utils.CurrentTestMap - Searching for Test Run ID for Thread: 1
15:29:06.311 [main] TRACE c.b.config.BrowserStackConfig - isGaugeTestOpsSession called with testObservabilityExplicit: false, framework: null, returning: false
15:29:28.805 [main] DEBUG c.browserstack.utils.CurrentTestMap - Searching for Test Run ID for Thread: 1
15:29:28.805 [main] TRACE c.b.config.BrowserStackConfig - isGaugeTestOpsSession called with testObservabilityExplicit: false, framework: null, returning: false
15:30:12.011 [main] DEBUG c.browserstack.utils.CurrentTestMap - Searching for Test Run ID for Thread: 1
15:30:12.012 [main] TRACE c.b.config.BrowserStackConfig - isGaugeTestOpsSession called with testObservabilityExplicit: false, framework: null, returning: false
15:30:12.016 [main] DEBUG c.browserstack.utils.CurrentTestMap - Searching for Test Run ID for Thread: 1
15:30:12.016 [main] TRACE c.b.config.BrowserStackConfig - isGaugeTestOpsSession called with testObservabilityExplicit: false, framework: null, returning: false
15:30:12.016 [main] TRACE c.b.config.BrowserStackConfig - isGaugeTestOpsSession called with testObservabilityExplicit: false, framework: null, returning: false
15:30:12.021 [main] DEBUG c.b.utils.FunnelInstrumentation - Error in getting Product:
java.lang.NullPointerException: Cannot invoke "String.equalsIgnoreCase(String)" because the return value of "com.browserstack.config.BrowserStackConfig.getFramework()" is null
	at com.browserstack.utils.FunnelInstrumentation.a(Unknown Source)
	at java.base/java.util.stream.MatchOps$1MatchSink.accept(MatchOps.java:90)
	at java.base/java.util.Spliterators$ArraySpliterator.tryAdvance(Spliterators.java:1034)
	at java.base/java.util.stream.ReferencePipeline.forEachWithCancel(ReferencePipeline.java:144)
	at java.base/java.util.stream.AbstractPipeline.copyIntoWithCancel(AbstractPipeline.java:574)
	at java.base/java.util.stream.AbstractPipeline.copyInto(AbstractPipeline.java:560)
	at java.base/java.util.stream.AbstractPipeline.wrapAndCopyInto(AbstractPipeline.java:546)
	at java.base/java.util.stream.MatchOps$MatchOp.evaluateSequential(MatchOps.java:230)
	at java.base/java.util.stream.MatchOps$MatchOp.evaluateSequential(MatchOps.java:196)
	at java.base/java.util.stream.AbstractPipeline.evaluate(AbstractPipeline.java:265)
	at java.base/java.util.stream.ReferencePipeline.anyMatch(ReferencePipeline.java:647)
	at com.browserstack.utils.FunnelInstrumentation.getProducts(Unknown Source)
	at com.browserstack.utils.FunnelInstrumentation.createParamsForEvent(Unknown Source)
	at com.browserstack.utils.FunnelInstrumentation.sendSDKEvent(Unknown Source)
	at com.browserstack.testNgListeners.TmpSuiteListener.onFinish(Unknown Source)
	at org.testng.TestRunner.fireEvent(TestRunner.java:923)
	at org.testng.TestRunner.afterRun(TestRunner.java:887)
	at org.testng.TestRunner.run(TestRunner.java:599)
	at org.testng.SuiteRunner.runTest(SuiteRunner.java:377)
	at org.testng.SuiteRunner.runSequentially(SuiteRunner.java:371)
	at org.testng.SuiteRunner.privateRun(SuiteRunner.java:332)
	at org.testng.SuiteRunner.run(SuiteRunner.java:276)
	at org.testng.SuiteRunnerWorker.runSuite(SuiteRunnerWorker.java:53)
	at org.testng.SuiteRunnerWorker.run(SuiteRunnerWorker.java:96)
	at org.testng.TestNG.runSuitesSequentially(TestNG.java:1212)
	at org.testng.TestNG.runSuitesLocally(TestNG.java:1134)
	at org.testng.TestNG.runSuites(TestNG.java:1063)
	at org.testng.TestNG.run(TestNG.java:1031)
	at org.testng.remote.AbstractRemoteTestNG.run(AbstractRemoteTestNG.java:115)
	at org.testng.remote.RemoteTestNG.initAndRun(RemoteTestNG.java:293)
	at org.testng.remote.RemoteTestNG.main(RemoteTestNG.java:91)
15:30:12.022 [main] TRACE c.b.config.BrowserStackConfig - isGaugeTestOpsSession called with testObservabilityExplicit: false, framework: null, returning: false
15:30:12.037 [main] DEBUG c.b.utils.FrameworkDetectionUtils - Couldn't find dependency class: appium
15:30:12.112 [main] DEBUG com.browserstack.testOps.UsageStats - getFormattedData: Collecting data for TestObservability
15:30:12.112 [main] TRACE c.b.config.BrowserStackConfig - isGaugeTestOpsSession called with testObservabilityExplicit: false, framework: null, returning: false
15:30:12.154 [main] TRACE c.b.t.TestOrchestrationUtils - getInstrumentationData: invoked
15:30:12.167 [main] DEBUG c.b.utils.FunnelInstrumentation - Sending funnel data for SDKTestSuccessful with data: {"event_type":"SDKTestSuccessful","accessKey":"[REDACTED]","userName":"[REDACTED]","event_properties":{"isPercyAutoEnabled":false,"language":"java","sdkRunId":"1ba6dd9d-dac6-4630-827b-e0283dfe5e63","buildIdentifier":"unknown","testhub_uuid":"","detectedAppiumVersion":"null","productMap":{"app_automate":false,"accessibility":null,"automate":true,"percy":false,"observability":false,"turboscale":false},"hostname":"DESKTOP-QVD64FI","measures":{"sdk:pre-test":0.025199949741363525},"productUsage":{"testObservability":{"buildHashedId":"","manuallySet":false,"enabled":false}},"browserStackConfig":{"browserstackLocal":null,"percy":false,"logLevel":"info","staticWebDriver":true,"autoDetectFramework":true,"percyCaptureMode":"AUTO","browserStackLocalOptions":null,"percyOptions":null,"testContextOptions":{"skipSessionName":false,"skipSessionStatus":false,"serenityOverridePlugin":false},"platforms":null,"parallelsPerPlatform":null,"framework":null,"accessibility":false,"accessibilityOptions":{},"turboScaleOptions":{},"disableAutoCaptureLogs":true,"testObservability":true,"browserstackAutomation":true,"turboScale":false,"testObservabilityOptions":{},"gradleMConfig":null,"proxySettings":null},"automationFrameworkVersion":null,"percyBuildId":null,"product":"[automate]","buildName":"unknown","os":"Windows 11","languageVersion":"22.0.1","appiumVersion":"null","frameworkDetectionInstrumentation":{},"detectedDependencies":"","referrer":"unknown","locationTrigger":"onFinish","accessibilityConfiguration":{"pollingTimeout":30},"language_framework":"unknown","testOrchestration":{"abortBuildOnFailure":{"enabled":false},"retryTestsOnFailure":{"enabled":false},"userConfig":{}},"detectedSeleniumVersion":"4.27.0","automationFramework":"selenium","seleniumVersion":"null"}}
15:30:12.727 [main] DEBUG c.b.utils.FunnelInstrumentation - API Event SDKTestSuccessful, response: {"message":"Unauthorized"}
15:30:12.730 [main] DEBUG c.b.monitoring.PerformanceTester - Failed to append key metrics to file D:\gopal\workspace\Location Tool Automation\log\key-metrics.json
15:30:12.733 [main] DEBUG c.browserstack.utils.CurrentTestMap - Searching for Test Run ID for Thread: 1
15:30:12.733 [main] TRACE c.b.config.BrowserStackConfig - isGaugeTestOpsSession called with testObservabilityExplicit: false, framework: null, returning: false
