16:39:39.444 [main] WARN  c.b.config.BrowserStackConfig - Test Observability could not be enabled because framework detected is null. We currently support frameworks testng, cucumber-testng & serenity
16:39:40.635 [main] DEBUG c.b.utils.FunnelInstrumentation - Error in getting Product java.lang.NullPointerException: Cannot invoke "String.equalsIgnoreCase(String)" because the return value of "com.browserstack.config.BrowserStackConfig.getFramework()" is null
16:39:40.782 [main] DEBUG c.b.utils.FunnelInstrumentation - Unable to parse data from processes. Exception: Unexpected token END OF FILE at position 0.
	at browserstack.shaded.org.json.simple.parser.JSONParser.parse(Unknown Source)
	at browserstack.shaded.org.json.simple.parser.JSONParser.parse(Unknown Source)
	at browserstack.shaded.org.json.simple.parser.JSONParser.parse(Unknown Source)
	at com.browserstack.utils.FunnelInstrumentation.getFormattedDataFromProcesses(Unknown Source)
	at com.browserstack.utils.FunnelInstrumentation.createParamsForEvent(Unknown Source)
	at com.browserstack.utils.FunnelInstrumentation.sendSDKEvent(Unknown Source)
	at com.browserstack.testNgListeners.TmpSuiteListener.onFinish(Unknown Source)
	at org.testng.TestRunner.fireEvent(TestRunner.java:923)
	at org.testng.TestRunner.afterRun(TestRunner.java:887)
	at org.testng.TestRunner.run(TestRunner.java:599)
	at org.testng.SuiteRunner.runTest(SuiteRunner.java:377)
	at org.testng.SuiteRunner.runSequentially(SuiteRunner.java:371)
	at org.testng.SuiteRunner.privateRun(SuiteRunner.java:332)
	at org.testng.SuiteRunner.run(SuiteRunner.java:276)
	at org.testng.SuiteRunnerWorker.runSuite(SuiteRunnerWorker.java:53)
	at org.testng.SuiteRunnerWorker.run(SuiteRunnerWorker.java:96)
	at org.testng.TestNG.runSuitesSequentially(TestNG.java:1212)
	at org.testng.TestNG.runSuitesLocally(TestNG.java:1134)
	at org.testng.TestNG.runSuites(TestNG.java:1063)
	at org.testng.TestNG.run(TestNG.java:1031)
	at org.testng.remote.AbstractRemoteTestNG.run(AbstractRemoteTestNG.java:115)
	at org.testng.remote.RemoteTestNG.initAndRun(RemoteTestNG.java:293)
	at org.testng.remote.RemoteTestNG.main(RemoteTestNG.java:91)

16:39:40.783 [main] DEBUG com.browserstack.testOps.UsageStats - getFormattedData: Collecting data for TestObservability
16:39:40.848 [main] TRACE c.b.t.TestOrchestrationUtils - getInstrumentationData: invoked
16:39:40.862 [main] DEBUG c.b.utils.FunnelInstrumentation - Sending funnel data for SDKTestSuccessful with data: {"event_type":"SDKTestSuccessful","accessKey":null,"userName":null,"event_properties":{"product":"[automate]","buildName":"unknown","os":"Windows 11","languageVersion":"22.0.1","appiumVersion":"null","frameworkDetectionInstrumentation":{},"isPercyAutoEnabled":false,"language":"java","sdkRunId":"f03fca4b-8ab1-46a5-81f2-401975915111","buildIdentifier":"unknown","testhub_uuid":"","detectedAppiumVersion":"null","detectedDependencies":"","productMap":{"app_automate":false,"accessibility":false,"automate":true,"percy":false,"observability":false,"turboscale":false},"referrer":"unknown","hostname":"DESKTOP-QVD64FI","locationTrigger":"onFinish","language_framework":"unknown","productUsage":{"testObservability":{"buildHashedId":"","manuallySet":false,"enabled":false}},"testOrchestration":{"abortBuildOnFailure":{"enabled":false},"retryTestsOnFailure":{"enabled":false},"userConfig":{}},"detectedSeleniumVersion":"4.27.0","browserStackConfig":{"browserstackLocal":null,"percy":false,"logLevel":"info","staticWebDriver":true,"autoDetectFramework":true,"percyCaptureMode":"MANUAL","browserStackLocalOptions":null,"percyOptions":null,"testContextOptions":{"skipSessionName":false,"serenityOverridePlugin":false,"skipSessionStatus":false},"platforms":null,"parallelsPerPlatform":null,"framework":null,"accessibility":false,"accessibilityOptions":{},"turboScaleOptions":{},"disableAutoCaptureLogs":true,"testObservability":true,"browserstackAutomation":true,"turboScale":false,"testObservabilityOptions":{},"gradleMConfig":null,"proxySettings":null},"seleniumVersion":"null","percyBuildId":null}}
16:39:41.647 [main] DEBUG c.b.utils.FunnelInstrumentation - API Event SDKTestSuccessful response - {"message":"Unauthorized"}
16:40:54.787 [main] WARN  c.b.config.BrowserStackConfig - Test Observability could not be enabled because framework detected is null. We currently support frameworks testng, cucumber-testng & serenity
16:40:55.703 [main] DEBUG c.b.utils.FunnelInstrumentation - Error in getting Product java.lang.NullPointerException: Cannot invoke "String.equalsIgnoreCase(String)" because the return value of "com.browserstack.config.BrowserStackConfig.getFramework()" is null
16:40:55.784 [main] DEBUG c.b.utils.FunnelInstrumentation - Unable to parse data from processes. Exception: Unexpected token END OF FILE at position 0.
	at browserstack.shaded.org.json.simple.parser.JSONParser.parse(Unknown Source)
	at browserstack.shaded.org.json.simple.parser.JSONParser.parse(Unknown Source)
	at browserstack.shaded.org.json.simple.parser.JSONParser.parse(Unknown Source)
	at com.browserstack.utils.FunnelInstrumentation.getFormattedDataFromProcesses(Unknown Source)
	at com.browserstack.utils.FunnelInstrumentation.createParamsForEvent(Unknown Source)
	at com.browserstack.utils.FunnelInstrumentation.sendSDKEvent(Unknown Source)
	at com.browserstack.testNgListeners.TmpSuiteListener.onFinish(Unknown Source)
	at org.testng.TestRunner.fireEvent(TestRunner.java:923)
	at org.testng.TestRunner.afterRun(TestRunner.java:887)
	at org.testng.TestRunner.run(TestRunner.java:599)
	at org.testng.SuiteRunner.runTest(SuiteRunner.java:377)
	at org.testng.SuiteRunner.runSequentially(SuiteRunner.java:371)
	at org.testng.SuiteRunner.privateRun(SuiteRunner.java:332)
	at org.testng.SuiteRunner.run(SuiteRunner.java:276)
	at org.testng.SuiteRunnerWorker.runSuite(SuiteRunnerWorker.java:53)
	at org.testng.SuiteRunnerWorker.run(SuiteRunnerWorker.java:96)
	at org.testng.TestNG.runSuitesSequentially(TestNG.java:1212)
	at org.testng.TestNG.runSuitesLocally(TestNG.java:1134)
	at org.testng.TestNG.runSuites(TestNG.java:1063)
	at org.testng.TestNG.run(TestNG.java:1031)
	at org.testng.remote.AbstractRemoteTestNG.run(AbstractRemoteTestNG.java:115)
	at org.testng.remote.RemoteTestNG.initAndRun(RemoteTestNG.java:293)
	at org.testng.remote.RemoteTestNG.main(RemoteTestNG.java:91)

16:40:55.785 [main] DEBUG com.browserstack.testOps.UsageStats - getFormattedData: Collecting data for TestObservability
16:40:55.823 [main] TRACE c.b.t.TestOrchestrationUtils - getInstrumentationData: invoked
16:40:55.834 [main] DEBUG c.b.utils.FunnelInstrumentation - Sending funnel data for SDKTestSuccessful with data: {"event_type":"SDKTestSuccessful","accessKey":null,"userName":null,"event_properties":{"product":"[automate]","buildName":"unknown","os":"Windows 11","languageVersion":"22.0.1","appiumVersion":"null","frameworkDetectionInstrumentation":{},"isPercyAutoEnabled":false,"language":"java","sdkRunId":"24934949-7d06-4aac-a099-9178cf898f7c","buildIdentifier":"unknown","testhub_uuid":"","detectedAppiumVersion":"null","detectedDependencies":"","productMap":{"app_automate":false,"accessibility":false,"automate":true,"percy":false,"observability":false,"turboscale":false},"referrer":"unknown","hostname":"DESKTOP-QVD64FI","locationTrigger":"onFinish","language_framework":"unknown","productUsage":{"testObservability":{"buildHashedId":"","manuallySet":false,"enabled":false}},"testOrchestration":{"abortBuildOnFailure":{"enabled":false},"retryTestsOnFailure":{"enabled":false},"userConfig":{}},"detectedSeleniumVersion":"4.27.0","browserStackConfig":{"browserstackLocal":null,"percy":false,"logLevel":"info","staticWebDriver":true,"autoDetectFramework":true,"percyCaptureMode":"MANUAL","browserStackLocalOptions":null,"percyOptions":null,"testContextOptions":{"skipSessionName":false,"skipSessionStatus":false,"serenityOverridePlugin":false},"platforms":null,"parallelsPerPlatform":null,"framework":null,"accessibility":false,"accessibilityOptions":{},"turboScaleOptions":{},"disableAutoCaptureLogs":true,"testObservability":true,"browserstackAutomation":true,"turboScale":false,"testObservabilityOptions":{},"gradleMConfig":null,"proxySettings":null},"seleniumVersion":"null","percyBuildId":null}}
16:40:56.416 [main] DEBUG c.b.utils.FunnelInstrumentation - API Event SDKTestSuccessful response - {"message":"Unauthorized"}
17:35:09.407 [main] WARN  c.b.config.BrowserStackConfig - Test Observability could not be enabled because framework detected is null. We currently support frameworks testng, cucumber-testng & serenity
17:35:11.340 [main] DEBUG c.b.utils.FunnelInstrumentation - Error in getting Product java.lang.NullPointerException: Cannot invoke "String.equalsIgnoreCase(String)" because the return value of "com.browserstack.config.BrowserStackConfig.getFramework()" is null
17:35:11.428 [main] DEBUG c.b.utils.FunnelInstrumentation - Unable to parse data from processes. Exception: Unexpected token END OF FILE at position 0.
	at browserstack.shaded.org.json.simple.parser.JSONParser.parse(Unknown Source)
	at browserstack.shaded.org.json.simple.parser.JSONParser.parse(Unknown Source)
	at browserstack.shaded.org.json.simple.parser.JSONParser.parse(Unknown Source)
	at com.browserstack.utils.FunnelInstrumentation.getFormattedDataFromProcesses(Unknown Source)
	at com.browserstack.utils.FunnelInstrumentation.createParamsForEvent(Unknown Source)
	at com.browserstack.utils.FunnelInstrumentation.sendSDKEvent(Unknown Source)
	at com.browserstack.testNgListeners.TmpSuiteListener.onFinish(Unknown Source)
	at org.testng.TestRunner.fireEvent(TestRunner.java:923)
	at org.testng.TestRunner.afterRun(TestRunner.java:887)
	at org.testng.TestRunner.run(TestRunner.java:599)
	at org.testng.SuiteRunner.runTest(SuiteRunner.java:377)
	at org.testng.SuiteRunner.runSequentially(SuiteRunner.java:371)
	at org.testng.SuiteRunner.privateRun(SuiteRunner.java:332)
	at org.testng.SuiteRunner.run(SuiteRunner.java:276)
	at org.testng.SuiteRunnerWorker.runSuite(SuiteRunnerWorker.java:53)
	at org.testng.SuiteRunnerWorker.run(SuiteRunnerWorker.java:96)
	at org.testng.TestNG.runSuitesSequentially(TestNG.java:1212)
	at org.testng.TestNG.runSuitesLocally(TestNG.java:1134)
	at org.testng.TestNG.runSuites(TestNG.java:1063)
	at org.testng.TestNG.run(TestNG.java:1031)
	at org.testng.remote.AbstractRemoteTestNG.run(AbstractRemoteTestNG.java:115)
	at org.testng.remote.RemoteTestNG.initAndRun(RemoteTestNG.java:293)
	at org.testng.remote.RemoteTestNG.main(RemoteTestNG.java:91)

17:35:11.428 [main] DEBUG com.browserstack.testOps.UsageStats - getFormattedData: Collecting data for TestObservability
17:35:11.493 [main] TRACE c.b.t.TestOrchestrationUtils - getInstrumentationData: invoked
17:35:11.502 [main] DEBUG c.b.utils.FunnelInstrumentation - Sending funnel data for SDKTestSuccessful with data: {"event_type":"SDKTestSuccessful","accessKey":null,"userName":null,"event_properties":{"product":"[automate]","buildName":"unknown","os":"Windows 11","languageVersion":"22.0.1","appiumVersion":"null","frameworkDetectionInstrumentation":{},"isPercyAutoEnabled":false,"language":"java","sdkRunId":"f6599e5d-e7df-45bc-adb4-5c90561803d3","buildIdentifier":"unknown","testhub_uuid":"","detectedAppiumVersion":"null","detectedDependencies":"","productMap":{"app_automate":false,"accessibility":false,"automate":true,"percy":false,"observability":false,"turboscale":false},"referrer":"unknown","hostname":"DESKTOP-QVD64FI","locationTrigger":"onFinish","language_framework":"unknown","productUsage":{"testObservability":{"buildHashedId":"","manuallySet":false,"enabled":false}},"testOrchestration":{"abortBuildOnFailure":{"enabled":false},"retryTestsOnFailure":{"enabled":false},"userConfig":{}},"detectedSeleniumVersion":"4.27.0","browserStackConfig":{"browserstackLocal":null,"percy":false,"logLevel":"info","staticWebDriver":true,"autoDetectFramework":true,"percyCaptureMode":"MANUAL","browserStackLocalOptions":null,"percyOptions":null,"testContextOptions":{"skipSessionName":false,"serenityOverridePlugin":false,"skipSessionStatus":false},"platforms":null,"parallelsPerPlatform":null,"framework":null,"accessibility":false,"accessibilityOptions":{},"turboScaleOptions":{},"disableAutoCaptureLogs":true,"testObservability":true,"browserstackAutomation":true,"turboScale":false,"testObservabilityOptions":{},"gradleMConfig":null,"proxySettings":null},"seleniumVersion":"null","percyBuildId":null}}
17:35:12.355 [main] DEBUG c.b.utils.FunnelInstrumentation - API Event SDKTestSuccessful response - {"message":"Unauthorized"}
17:35:55.827 [main] WARN  c.b.config.BrowserStackConfig - Test Observability could not be enabled because framework detected is null. We currently support frameworks testng, cucumber-testng & serenity
17:37:02.817 [main] WARN  c.b.config.BrowserStackConfig - Test Observability could not be enabled because framework detected is null. We currently support frameworks testng, cucumber-testng & serenity
17:54:39.236 [main] DEBUG c.b.utils.FunnelInstrumentation - Error in getting Product java.lang.NullPointerException: Cannot invoke "String.equalsIgnoreCase(String)" because the return value of "com.browserstack.config.BrowserStackConfig.getFramework()" is null
17:54:39.365 [main] DEBUG c.b.utils.FunnelInstrumentation - Unable to parse data from processes. Exception: Unexpected token END OF FILE at position 0.
	at browserstack.shaded.org.json.simple.parser.JSONParser.parse(Unknown Source)
	at browserstack.shaded.org.json.simple.parser.JSONParser.parse(Unknown Source)
	at browserstack.shaded.org.json.simple.parser.JSONParser.parse(Unknown Source)
	at com.browserstack.utils.FunnelInstrumentation.getFormattedDataFromProcesses(Unknown Source)
	at com.browserstack.utils.FunnelInstrumentation.createParamsForEvent(Unknown Source)
	at com.browserstack.utils.FunnelInstrumentation.sendSDKEvent(Unknown Source)
	at com.browserstack.testNgListeners.TmpSuiteListener.onFinish(Unknown Source)
	at org.testng.TestRunner.fireEvent(TestRunner.java:923)
	at org.testng.TestRunner.afterRun(TestRunner.java:887)
	at org.testng.TestRunner.run(TestRunner.java:599)
	at org.testng.SuiteRunner.runTest(SuiteRunner.java:377)
	at org.testng.SuiteRunner.runSequentially(SuiteRunner.java:371)
	at org.testng.SuiteRunner.privateRun(SuiteRunner.java:332)
	at org.testng.SuiteRunner.run(SuiteRunner.java:276)
	at org.testng.SuiteRunnerWorker.runSuite(SuiteRunnerWorker.java:53)
	at org.testng.SuiteRunnerWorker.run(SuiteRunnerWorker.java:96)
	at org.testng.TestNG.runSuitesSequentially(TestNG.java:1212)
	at org.testng.TestNG.runSuitesLocally(TestNG.java:1134)
	at org.testng.TestNG.runSuites(TestNG.java:1063)
	at org.testng.TestNG.run(TestNG.java:1031)
	at org.testng.remote.AbstractRemoteTestNG.run(AbstractRemoteTestNG.java:115)
	at org.testng.remote.RemoteTestNG.initAndRun(RemoteTestNG.java:293)
	at org.testng.remote.RemoteTestNG.main(RemoteTestNG.java:91)

17:54:39.365 [main] DEBUG com.browserstack.testOps.UsageStats - getFormattedData: Collecting data for TestObservability
17:54:39.477 [main] TRACE c.b.t.TestOrchestrationUtils - getInstrumentationData: invoked
17:54:39.496 [main] DEBUG c.b.utils.FunnelInstrumentation - Sending funnel data for SDKTestSuccessful with data: {"event_type":"SDKTestSuccessful","accessKey":null,"userName":null,"event_properties":{"product":"[automate]","buildName":"unknown","os":"Windows 11","languageVersion":"22.0.1","appiumVersion":"null","frameworkDetectionInstrumentation":{},"isPercyAutoEnabled":false,"language":"java","sdkRunId":"31b355b4-41c4-41ca-bf72-c91699d61cf2","buildIdentifier":"unknown","testhub_uuid":"","detectedAppiumVersion":"null","detectedDependencies":"","productMap":{"app_automate":false,"accessibility":false,"automate":true,"percy":false,"observability":false,"turboscale":false},"referrer":"unknown","hostname":"DESKTOP-QVD64FI","locationTrigger":"onFinish","language_framework":"unknown","productUsage":{"testObservability":{"buildHashedId":"","manuallySet":false,"enabled":false}},"testOrchestration":{"abortBuildOnFailure":{"enabled":false},"retryTestsOnFailure":{"enabled":false},"userConfig":{}},"detectedSeleniumVersion":"4.27.0","browserStackConfig":{"browserstackLocal":null,"percy":false,"logLevel":"info","staticWebDriver":true,"autoDetectFramework":true,"percyCaptureMode":"MANUAL","browserStackLocalOptions":null,"percyOptions":null,"testContextOptions":{"skipSessionName":false,"skipSessionStatus":false,"serenityOverridePlugin":false},"platforms":null,"parallelsPerPlatform":null,"framework":null,"accessibility":false,"accessibilityOptions":{},"turboScaleOptions":{},"disableAutoCaptureLogs":true,"testObservability":true,"browserstackAutomation":true,"turboScale":false,"testObservabilityOptions":{},"gradleMConfig":null,"proxySettings":null},"seleniumVersion":"null","percyBuildId":null}}
17:54:40.089 [main] DEBUG c.b.utils.FunnelInstrumentation - API Event SDKTestSuccessful response - {"message":"Unauthorized"}
18:56:13.706 [main] WARN  c.b.config.BrowserStackConfig - Test Observability could not be enabled because framework detected is null. We currently support frameworks testng, cucumber-testng & serenity
18:56:16.774 [main] WARN  c.b.config.BrowserStackConfig - Test Observability could not be enabled because framework detected is null. We currently support frameworks testng, cucumber-testng & serenity
18:56:18.070 [main] WARN  c.b.config.BrowserStackConfig - Test Observability could not be enabled because framework detected is null. We currently support frameworks testng, cucumber-testng & serenity
18:56:32.556 [main] DEBUG c.b.utils.FunnelInstrumentation - Error in getting Product java.lang.NullPointerException: Cannot invoke "String.equalsIgnoreCase(String)" because the return value of "com.browserstack.config.BrowserStackConfig.getFramework()" is null
18:56:32.836 [main] DEBUG c.b.utils.FunnelInstrumentation - Unable to parse data from processes. Exception: Unexpected token END OF FILE at position 0.
	at browserstack.shaded.org.json.simple.parser.JSONParser.parse(Unknown Source)
	at browserstack.shaded.org.json.simple.parser.JSONParser.parse(Unknown Source)
	at browserstack.shaded.org.json.simple.parser.JSONParser.parse(Unknown Source)
	at com.browserstack.utils.FunnelInstrumentation.getFormattedDataFromProcesses(Unknown Source)
	at com.browserstack.utils.FunnelInstrumentation.createParamsForEvent(Unknown Source)
	at com.browserstack.utils.FunnelInstrumentation.sendSDKEvent(Unknown Source)
	at com.browserstack.testNgListeners.TmpSuiteListener.onFinish(Unknown Source)
	at org.testng.TestRunner.fireEvent(TestRunner.java:923)
	at org.testng.TestRunner.afterRun(TestRunner.java:887)
	at org.testng.TestRunner.run(TestRunner.java:599)
	at org.testng.SuiteRunner.runTest(SuiteRunner.java:377)
	at org.testng.SuiteRunner.runSequentially(SuiteRunner.java:371)
	at org.testng.SuiteRunner.privateRun(SuiteRunner.java:332)
	at org.testng.SuiteRunner.run(SuiteRunner.java:276)
	at org.testng.SuiteRunnerWorker.runSuite(SuiteRunnerWorker.java:53)
	at org.testng.SuiteRunnerWorker.run(SuiteRunnerWorker.java:96)
	at org.testng.TestNG.runSuitesSequentially(TestNG.java:1212)
	at org.testng.TestNG.runSuitesLocally(TestNG.java:1134)
	at org.testng.TestNG.runSuites(TestNG.java:1063)
	at org.testng.TestNG.run(TestNG.java:1031)
	at org.testng.remote.AbstractRemoteTestNG.run(AbstractRemoteTestNG.java:115)
	at org.testng.remote.RemoteTestNG.initAndRun(RemoteTestNG.java:293)
	at org.testng.remote.RemoteTestNG.main(RemoteTestNG.java:91)

18:56:32.836 [main] DEBUG com.browserstack.testOps.UsageStats - getFormattedData: Collecting data for TestObservability
18:56:32.921 [main] TRACE c.b.t.TestOrchestrationUtils - getInstrumentationData: invoked
18:56:32.960 [main] DEBUG c.b.utils.FunnelInstrumentation - Sending funnel data for SDKTestSuccessful with data: {"event_type":"SDKTestSuccessful","accessKey":null,"userName":null,"event_properties":{"product":"[automate]","buildName":"unknown","os":"Windows 11","languageVersion":"22.0.1","appiumVersion":"null","frameworkDetectionInstrumentation":{},"isPercyAutoEnabled":false,"language":"java","sdkRunId":"af0b9e2f-96cd-4814-b6be-78ee84599c28","buildIdentifier":"unknown","testhub_uuid":"","detectedAppiumVersion":"null","detectedDependencies":"","productMap":{"app_automate":false,"accessibility":false,"automate":true,"percy":false,"observability":false,"turboscale":false},"referrer":"unknown","hostname":"DESKTOP-QVD64FI","locationTrigger":"onFinish","language_framework":"unknown","productUsage":{"testObservability":{"buildHashedId":"","manuallySet":false,"enabled":false}},"testOrchestration":{"abortBuildOnFailure":{"enabled":false},"retryTestsOnFailure":{"enabled":false},"userConfig":{}},"detectedSeleniumVersion":"4.27.0","browserStackConfig":{"browserstackLocal":null,"percy":false,"logLevel":"info","staticWebDriver":true,"autoDetectFramework":true,"percyCaptureMode":"MANUAL","browserStackLocalOptions":null,"percyOptions":null,"testContextOptions":{"serenityOverridePlugin":false,"skipSessionStatus":false,"skipSessionName":false},"platforms":null,"parallelsPerPlatform":null,"framework":null,"accessibility":false,"accessibilityOptions":{},"turboScaleOptions":{},"disableAutoCaptureLogs":true,"testObservability":true,"browserstackAutomation":true,"turboScale":false,"testObservabilityOptions":{},"gradleMConfig":null,"proxySettings":null},"seleniumVersion":"null","percyBuildId":null}}
18:56:35.021 [main] DEBUG c.b.utils.FunnelInstrumentation - API Event SDKTestSuccessful response - {"message":"Unauthorized"}
18:56:35.716 [main] DEBUG c.b.utils.FunnelInstrumentation - Error in getting Product java.lang.NullPointerException: Cannot invoke "String.equalsIgnoreCase(String)" because the return value of "com.browserstack.config.BrowserStackConfig.getFramework()" is null
18:56:35.852 [main] DEBUG c.b.utils.FunnelInstrumentation - Unable to parse data from processes. Exception: Unexpected token END OF FILE at position 0.
	at browserstack.shaded.org.json.simple.parser.JSONParser.parse(Unknown Source)
	at browserstack.shaded.org.json.simple.parser.JSONParser.parse(Unknown Source)
	at browserstack.shaded.org.json.simple.parser.JSONParser.parse(Unknown Source)
	at com.browserstack.utils.FunnelInstrumentation.getFormattedDataFromProcesses(Unknown Source)
	at com.browserstack.utils.FunnelInstrumentation.createParamsForEvent(Unknown Source)
	at com.browserstack.utils.FunnelInstrumentation.sendSDKEvent(Unknown Source)
	at com.browserstack.testNgListeners.TmpSuiteListener.onFinish(Unknown Source)
	at org.testng.TestRunner.fireEvent(TestRunner.java:923)
	at org.testng.TestRunner.afterRun(TestRunner.java:887)
	at org.testng.TestRunner.run(TestRunner.java:599)
	at org.testng.SuiteRunner.runTest(SuiteRunner.java:377)
	at org.testng.SuiteRunner.runSequentially(SuiteRunner.java:371)
	at org.testng.SuiteRunner.privateRun(SuiteRunner.java:332)
	at org.testng.SuiteRunner.run(SuiteRunner.java:276)
	at org.testng.SuiteRunnerWorker.runSuite(SuiteRunnerWorker.java:53)
	at org.testng.SuiteRunnerWorker.run(SuiteRunnerWorker.java:96)
	at org.testng.TestNG.runSuitesSequentially(TestNG.java:1212)
	at org.testng.TestNG.runSuitesLocally(TestNG.java:1134)
	at org.testng.TestNG.runSuites(TestNG.java:1063)
	at org.testng.TestNG.run(TestNG.java:1031)
	at org.testng.remote.AbstractRemoteTestNG.run(AbstractRemoteTestNG.java:115)
	at org.testng.remote.RemoteTestNG.initAndRun(RemoteTestNG.java:293)
	at org.testng.remote.RemoteTestNG.main(RemoteTestNG.java:91)

18:56:35.860 [main] DEBUG com.browserstack.testOps.UsageStats - getFormattedData: Collecting data for TestObservability
18:56:35.972 [main] TRACE c.b.t.TestOrchestrationUtils - getInstrumentationData: invoked
18:56:35.996 [main] DEBUG c.b.utils.FunnelInstrumentation - Sending funnel data for SDKTestSuccessful with data: {"event_type":"SDKTestSuccessful","accessKey":null,"userName":null,"event_properties":{"product":"[automate]","buildName":"unknown","os":"Windows 11","languageVersion":"22.0.1","appiumVersion":"null","frameworkDetectionInstrumentation":{},"isPercyAutoEnabled":false,"language":"java","sdkRunId":"fa4c7a15-184e-4475-bab9-3e3a16766d32","buildIdentifier":"unknown","testhub_uuid":"","detectedAppiumVersion":"null","detectedDependencies":"","productMap":{"app_automate":false,"accessibility":false,"automate":true,"percy":false,"observability":false,"turboscale":false},"referrer":"unknown","hostname":"DESKTOP-QVD64FI","locationTrigger":"onFinish","language_framework":"unknown","productUsage":{"testObservability":{"buildHashedId":"","manuallySet":false,"enabled":false}},"testOrchestration":{"abortBuildOnFailure":{"enabled":false},"retryTestsOnFailure":{"enabled":false},"userConfig":{}},"detectedSeleniumVersion":"4.27.0","browserStackConfig":{"browserstackLocal":null,"percy":false,"logLevel":"info","staticWebDriver":true,"autoDetectFramework":true,"percyCaptureMode":"MANUAL","browserStackLocalOptions":null,"percyOptions":null,"testContextOptions":{"serenityOverridePlugin":false,"skipSessionStatus":false,"skipSessionName":false},"platforms":null,"parallelsPerPlatform":null,"framework":null,"accessibility":false,"accessibilityOptions":{},"turboScaleOptions":{},"disableAutoCaptureLogs":true,"testObservability":true,"browserstackAutomation":true,"turboScale":false,"testObservabilityOptions":{},"gradleMConfig":null,"proxySettings":null},"seleniumVersion":"null","percyBuildId":null}}
18:56:37.065 [main] DEBUG c.b.utils.FunnelInstrumentation - API Event SDKTestSuccessful response - {"message":"Unauthorized"}
18:59:49.899 [main] WARN  c.b.config.BrowserStackConfig - Test Observability could not be enabled because framework detected is null. We currently support frameworks testng, cucumber-testng & serenity
19:00:42.718 [main] WARN  c.b.config.BrowserStackConfig - Test Observability could not be enabled because framework detected is null. We currently support frameworks testng, cucumber-testng & serenity
19:06:26.262 [main] DEBUG c.b.utils.FunnelInstrumentation - Error in getting Product java.lang.NullPointerException: Cannot invoke "String.equalsIgnoreCase(String)" because the return value of "com.browserstack.config.BrowserStackConfig.getFramework()" is null
19:06:26.452 [main] DEBUG c.b.utils.FunnelInstrumentation - Unable to parse data from processes. Exception: Unexpected token END OF FILE at position 0.
	at browserstack.shaded.org.json.simple.parser.JSONParser.parse(Unknown Source)
	at browserstack.shaded.org.json.simple.parser.JSONParser.parse(Unknown Source)
	at browserstack.shaded.org.json.simple.parser.JSONParser.parse(Unknown Source)
	at com.browserstack.utils.FunnelInstrumentation.getFormattedDataFromProcesses(Unknown Source)
	at com.browserstack.utils.FunnelInstrumentation.createParamsForEvent(Unknown Source)
	at com.browserstack.utils.FunnelInstrumentation.sendSDKEvent(Unknown Source)
	at com.browserstack.testNgListeners.TmpSuiteListener.onFinish(Unknown Source)
	at org.testng.TestRunner.fireEvent(TestRunner.java:923)
	at org.testng.TestRunner.afterRun(TestRunner.java:887)
	at org.testng.TestRunner.run(TestRunner.java:599)
	at org.testng.SuiteRunner.runTest(SuiteRunner.java:377)
	at org.testng.SuiteRunner.runSequentially(SuiteRunner.java:371)
	at org.testng.SuiteRunner.privateRun(SuiteRunner.java:332)
	at org.testng.SuiteRunner.run(SuiteRunner.java:276)
	at org.testng.SuiteRunnerWorker.runSuite(SuiteRunnerWorker.java:53)
	at org.testng.SuiteRunnerWorker.run(SuiteRunnerWorker.java:96)
	at org.testng.TestNG.runSuitesSequentially(TestNG.java:1212)
	at org.testng.TestNG.runSuitesLocally(TestNG.java:1134)
	at org.testng.TestNG.runSuites(TestNG.java:1063)
	at org.testng.TestNG.run(TestNG.java:1031)
	at org.testng.remote.AbstractRemoteTestNG.run(AbstractRemoteTestNG.java:115)
	at org.testng.remote.RemoteTestNG.initAndRun(RemoteTestNG.java:293)
	at org.testng.remote.RemoteTestNG.main(RemoteTestNG.java:91)

19:06:26.453 [main] DEBUG com.browserstack.testOps.UsageStats - getFormattedData: Collecting data for TestObservability
19:06:26.531 [main] TRACE c.b.t.TestOrchestrationUtils - getInstrumentationData: invoked
19:06:26.558 [main] DEBUG c.b.utils.FunnelInstrumentation - Sending funnel data for SDKTestSuccessful with data: {"event_type":"SDKTestSuccessful","accessKey":null,"userName":null,"event_properties":{"product":"[automate]","buildName":"unknown","os":"Windows 11","languageVersion":"22.0.1","appiumVersion":"null","frameworkDetectionInstrumentation":{},"isPercyAutoEnabled":false,"language":"java","sdkRunId":"70c20a41-b4a4-48b9-abde-4fd1a5a1da72","buildIdentifier":"unknown","testhub_uuid":"","detectedAppiumVersion":"null","detectedDependencies":"","productMap":{"app_automate":false,"accessibility":false,"automate":true,"percy":false,"observability":false,"turboscale":false},"referrer":"unknown","hostname":"DESKTOP-QVD64FI","locationTrigger":"onFinish","language_framework":"unknown","productUsage":{"testObservability":{"buildHashedId":"","manuallySet":false,"enabled":false}},"testOrchestration":{"abortBuildOnFailure":{"enabled":false},"retryTestsOnFailure":{"enabled":false},"userConfig":{}},"detectedSeleniumVersion":"4.27.0","browserStackConfig":{"browserstackLocal":null,"percy":false,"logLevel":"info","staticWebDriver":true,"autoDetectFramework":true,"percyCaptureMode":"MANUAL","browserStackLocalOptions":null,"percyOptions":null,"testContextOptions":{"skipSessionName":false,"serenityOverridePlugin":false,"skipSessionStatus":false},"platforms":null,"parallelsPerPlatform":null,"framework":null,"accessibility":false,"accessibilityOptions":{},"turboScaleOptions":{},"disableAutoCaptureLogs":true,"testObservability":true,"browserstackAutomation":true,"turboScale":false,"testObservabilityOptions":{},"gradleMConfig":null,"proxySettings":null},"seleniumVersion":"null","percyBuildId":null}}
19:06:27.723 [main] DEBUG c.b.utils.FunnelInstrumentation - API Event SDKTestSuccessful response - {"message":"Unauthorized"}
19:07:36.147 [main] DEBUG c.b.utils.FunnelInstrumentation - Error in getting Product java.lang.NullPointerException: Cannot invoke "String.equalsIgnoreCase(String)" because the return value of "com.browserstack.config.BrowserStackConfig.getFramework()" is null
19:07:36.243 [main] DEBUG c.b.utils.FunnelInstrumentation - Unable to parse data from processes. Exception: Unexpected token END OF FILE at position 0.
	at browserstack.shaded.org.json.simple.parser.JSONParser.parse(Unknown Source)
	at browserstack.shaded.org.json.simple.parser.JSONParser.parse(Unknown Source)
	at browserstack.shaded.org.json.simple.parser.JSONParser.parse(Unknown Source)
	at com.browserstack.utils.FunnelInstrumentation.getFormattedDataFromProcesses(Unknown Source)
	at com.browserstack.utils.FunnelInstrumentation.createParamsForEvent(Unknown Source)
	at com.browserstack.utils.FunnelInstrumentation.sendSDKEvent(Unknown Source)
	at com.browserstack.testNgListeners.TmpSuiteListener.onFinish(Unknown Source)
	at org.testng.TestRunner.fireEvent(TestRunner.java:923)
	at org.testng.TestRunner.afterRun(TestRunner.java:887)
	at org.testng.TestRunner.run(TestRunner.java:599)
	at org.testng.SuiteRunner.runTest(SuiteRunner.java:377)
	at org.testng.SuiteRunner.runSequentially(SuiteRunner.java:371)
	at org.testng.SuiteRunner.privateRun(SuiteRunner.java:332)
	at org.testng.SuiteRunner.run(SuiteRunner.java:276)
	at org.testng.SuiteRunnerWorker.runSuite(SuiteRunnerWorker.java:53)
	at org.testng.SuiteRunnerWorker.run(SuiteRunnerWorker.java:96)
	at org.testng.TestNG.runSuitesSequentially(TestNG.java:1212)
	at org.testng.TestNG.runSuitesLocally(TestNG.java:1134)
	at org.testng.TestNG.runSuites(TestNG.java:1063)
	at org.testng.TestNG.run(TestNG.java:1031)
	at org.testng.remote.AbstractRemoteTestNG.run(AbstractRemoteTestNG.java:115)
	at org.testng.remote.RemoteTestNG.initAndRun(RemoteTestNG.java:293)
	at org.testng.remote.RemoteTestNG.main(RemoteTestNG.java:91)

19:07:36.244 [main] DEBUG com.browserstack.testOps.UsageStats - getFormattedData: Collecting data for TestObservability
19:07:36.292 [main] TRACE c.b.t.TestOrchestrationUtils - getInstrumentationData: invoked
19:07:36.303 [main] DEBUG c.b.utils.FunnelInstrumentation - Sending funnel data for SDKTestSuccessful with data: {"event_type":"SDKTestSuccessful","accessKey":null,"userName":null,"event_properties":{"product":"[automate]","buildName":"unknown","os":"Windows 11","languageVersion":"22.0.1","appiumVersion":"null","frameworkDetectionInstrumentation":{},"isPercyAutoEnabled":false,"language":"java","sdkRunId":"37139852-ffe7-427f-b22d-1403067b69f2","buildIdentifier":"unknown","testhub_uuid":"","detectedAppiumVersion":"null","detectedDependencies":"","productMap":{"app_automate":false,"accessibility":false,"automate":true,"percy":false,"observability":false,"turboscale":false},"referrer":"unknown","hostname":"DESKTOP-QVD64FI","locationTrigger":"onFinish","language_framework":"unknown","productUsage":{"testObservability":{"buildHashedId":"","manuallySet":false,"enabled":false}},"testOrchestration":{"abortBuildOnFailure":{"enabled":false},"retryTestsOnFailure":{"enabled":false},"userConfig":{}},"detectedSeleniumVersion":"4.27.0","browserStackConfig":{"browserstackLocal":null,"percy":false,"logLevel":"info","staticWebDriver":true,"autoDetectFramework":true,"percyCaptureMode":"MANUAL","browserStackLocalOptions":null,"percyOptions":null,"testContextOptions":{"skipSessionName":false,"skipSessionStatus":false,"serenityOverridePlugin":false},"platforms":null,"parallelsPerPlatform":null,"framework":null,"accessibility":false,"accessibilityOptions":{},"turboScaleOptions":{},"disableAutoCaptureLogs":true,"testObservability":true,"browserstackAutomation":true,"turboScale":false,"testObservabilityOptions":{},"gradleMConfig":null,"proxySettings":null},"seleniumVersion":"null","percyBuildId":null}}
19:07:37.091 [main] DEBUG c.b.utils.FunnelInstrumentation - API Event SDKTestSuccessful response - {"message":"Unauthorized"}
19:20:09.928 [main] WARN  c.b.config.BrowserStackConfig - Test Observability could not be enabled because framework detected is null. We currently support frameworks testng, cucumber-testng & serenity
19:21:10.434 [main] DEBUG c.b.utils.FunnelInstrumentation - Error in getting Product java.lang.NullPointerException: Cannot invoke "String.equalsIgnoreCase(String)" because the return value of "com.browserstack.config.BrowserStackConfig.getFramework()" is null
19:21:10.612 [main] DEBUG c.b.utils.FunnelInstrumentation - Unable to parse data from processes. Exception: Unexpected token END OF FILE at position 0.
	at browserstack.shaded.org.json.simple.parser.JSONParser.parse(Unknown Source)
	at browserstack.shaded.org.json.simple.parser.JSONParser.parse(Unknown Source)
	at browserstack.shaded.org.json.simple.parser.JSONParser.parse(Unknown Source)
	at com.browserstack.utils.FunnelInstrumentation.getFormattedDataFromProcesses(Unknown Source)
	at com.browserstack.utils.FunnelInstrumentation.createParamsForEvent(Unknown Source)
	at com.browserstack.utils.FunnelInstrumentation.sendSDKEvent(Unknown Source)
	at com.browserstack.testNgListeners.TmpSuiteListener.onFinish(Unknown Source)
	at org.testng.TestRunner.fireEvent(TestRunner.java:923)
	at org.testng.TestRunner.afterRun(TestRunner.java:887)
	at org.testng.TestRunner.run(TestRunner.java:599)
	at org.testng.SuiteRunner.runTest(SuiteRunner.java:377)
	at org.testng.SuiteRunner.runSequentially(SuiteRunner.java:371)
	at org.testng.SuiteRunner.privateRun(SuiteRunner.java:332)
	at org.testng.SuiteRunner.run(SuiteRunner.java:276)
	at org.testng.SuiteRunnerWorker.runSuite(SuiteRunnerWorker.java:53)
	at org.testng.SuiteRunnerWorker.run(SuiteRunnerWorker.java:96)
	at org.testng.TestNG.runSuitesSequentially(TestNG.java:1212)
	at org.testng.TestNG.runSuitesLocally(TestNG.java:1134)
	at org.testng.TestNG.runSuites(TestNG.java:1063)
	at org.testng.TestNG.run(TestNG.java:1031)
	at org.testng.remote.AbstractRemoteTestNG.run(AbstractRemoteTestNG.java:115)
	at org.testng.remote.RemoteTestNG.initAndRun(RemoteTestNG.java:293)
	at org.testng.remote.RemoteTestNG.main(RemoteTestNG.java:91)

19:21:10.613 [main] DEBUG com.browserstack.testOps.UsageStats - getFormattedData: Collecting data for TestObservability
19:21:10.688 [main] TRACE c.b.t.TestOrchestrationUtils - getInstrumentationData: invoked
19:21:10.717 [main] DEBUG c.b.utils.FunnelInstrumentation - Sending funnel data for SDKTestSuccessful with data: {"event_type":"SDKTestSuccessful","accessKey":null,"userName":null,"event_properties":{"product":"[automate]","buildName":"unknown","os":"Windows 11","languageVersion":"22.0.1","appiumVersion":"null","frameworkDetectionInstrumentation":{},"isPercyAutoEnabled":false,"language":"java","sdkRunId":"17a6647f-e656-4d9f-9f3f-0510100232be","buildIdentifier":"unknown","testhub_uuid":"","detectedAppiumVersion":"null","detectedDependencies":"","productMap":{"app_automate":false,"accessibility":false,"automate":true,"percy":false,"observability":false,"turboscale":false},"referrer":"unknown","hostname":"DESKTOP-QVD64FI","locationTrigger":"onFinish","language_framework":"unknown","productUsage":{"testObservability":{"buildHashedId":"","manuallySet":false,"enabled":false}},"testOrchestration":{"abortBuildOnFailure":{"enabled":false},"retryTestsOnFailure":{"enabled":false},"userConfig":{}},"detectedSeleniumVersion":"4.27.0","browserStackConfig":{"browserstackLocal":null,"percy":false,"logLevel":"info","staticWebDriver":true,"autoDetectFramework":true,"percyCaptureMode":"MANUAL","browserStackLocalOptions":null,"percyOptions":null,"testContextOptions":{"skipSessionName":false,"skipSessionStatus":false,"serenityOverridePlugin":false},"platforms":null,"parallelsPerPlatform":null,"framework":null,"accessibility":false,"accessibilityOptions":{},"turboScaleOptions":{},"disableAutoCaptureLogs":true,"testObservability":true,"browserstackAutomation":true,"turboScale":false,"testObservabilityOptions":{},"gradleMConfig":null,"proxySettings":null},"seleniumVersion":"null","percyBuildId":null}}
19:21:11.542 [main] DEBUG c.b.utils.FunnelInstrumentation - API Event SDKTestSuccessful response - {"message":"Unauthorized"}
19:21:23.218 [main] WARN  c.b.config.BrowserStackConfig - Test Observability could not be enabled because framework detected is null. We currently support frameworks testng, cucumber-testng & serenity
19:22:06.638 [main] DEBUG c.b.utils.FunnelInstrumentation - Error in getting Product java.lang.NullPointerException: Cannot invoke "String.equalsIgnoreCase(String)" because the return value of "com.browserstack.config.BrowserStackConfig.getFramework()" is null
19:22:06.722 [main] DEBUG c.b.utils.FunnelInstrumentation - Unable to parse data from processes. Exception: Unexpected token END OF FILE at position 0.
	at browserstack.shaded.org.json.simple.parser.JSONParser.parse(Unknown Source)
	at browserstack.shaded.org.json.simple.parser.JSONParser.parse(Unknown Source)
	at browserstack.shaded.org.json.simple.parser.JSONParser.parse(Unknown Source)
	at com.browserstack.utils.FunnelInstrumentation.getFormattedDataFromProcesses(Unknown Source)
	at com.browserstack.utils.FunnelInstrumentation.createParamsForEvent(Unknown Source)
	at com.browserstack.utils.FunnelInstrumentation.sendSDKEvent(Unknown Source)
	at com.browserstack.testNgListeners.TmpSuiteListener.onFinish(Unknown Source)
	at org.testng.TestRunner.fireEvent(TestRunner.java:923)
	at org.testng.TestRunner.afterRun(TestRunner.java:887)
	at org.testng.TestRunner.run(TestRunner.java:599)
	at org.testng.SuiteRunner.runTest(SuiteRunner.java:377)
	at org.testng.SuiteRunner.runSequentially(SuiteRunner.java:371)
	at org.testng.SuiteRunner.privateRun(SuiteRunner.java:332)
	at org.testng.SuiteRunner.run(SuiteRunner.java:276)
	at org.testng.SuiteRunnerWorker.runSuite(SuiteRunnerWorker.java:53)
	at org.testng.SuiteRunnerWorker.run(SuiteRunnerWorker.java:96)
	at org.testng.TestNG.runSuitesSequentially(TestNG.java:1212)
	at org.testng.TestNG.runSuitesLocally(TestNG.java:1134)
	at org.testng.TestNG.runSuites(TestNG.java:1063)
	at org.testng.TestNG.run(TestNG.java:1031)
	at org.testng.remote.AbstractRemoteTestNG.run(AbstractRemoteTestNG.java:115)
	at org.testng.remote.RemoteTestNG.initAndRun(RemoteTestNG.java:293)
	at org.testng.remote.RemoteTestNG.main(RemoteTestNG.java:91)

19:22:06.722 [main] DEBUG com.browserstack.testOps.UsageStats - getFormattedData: Collecting data for TestObservability
19:22:06.763 [main] TRACE c.b.t.TestOrchestrationUtils - getInstrumentationData: invoked
19:22:06.771 [main] DEBUG c.b.utils.FunnelInstrumentation - Sending funnel data for SDKTestSuccessful with data: {"event_type":"SDKTestSuccessful","accessKey":null,"userName":null,"event_properties":{"product":"[automate]","buildName":"unknown","os":"Windows 11","languageVersion":"22.0.1","appiumVersion":"null","frameworkDetectionInstrumentation":{},"isPercyAutoEnabled":false,"language":"java","sdkRunId":"88745df4-072c-49c3-b1a0-d5ae2641a60d","buildIdentifier":"unknown","testhub_uuid":"","detectedAppiumVersion":"null","detectedDependencies":"","productMap":{"app_automate":false,"accessibility":false,"automate":true,"percy":false,"observability":false,"turboscale":false},"referrer":"unknown","hostname":"DESKTOP-QVD64FI","locationTrigger":"onFinish","language_framework":"unknown","productUsage":{"testObservability":{"buildHashedId":"","manuallySet":false,"enabled":false}},"testOrchestration":{"abortBuildOnFailure":{"enabled":false},"retryTestsOnFailure":{"enabled":false},"userConfig":{}},"detectedSeleniumVersion":"4.27.0","browserStackConfig":{"browserstackLocal":null,"percy":false,"logLevel":"info","staticWebDriver":true,"autoDetectFramework":true,"percyCaptureMode":"MANUAL","browserStackLocalOptions":null,"percyOptions":null,"testContextOptions":{"skipSessionName":false,"serenityOverridePlugin":false,"skipSessionStatus":false},"platforms":null,"parallelsPerPlatform":null,"framework":null,"accessibility":false,"accessibilityOptions":{},"turboScaleOptions":{},"disableAutoCaptureLogs":true,"testObservability":true,"browserstackAutomation":true,"turboScale":false,"testObservabilityOptions":{},"gradleMConfig":null,"proxySettings":null},"seleniumVersion":"null","percyBuildId":null}}
19:22:07.502 [main] DEBUG c.b.utils.FunnelInstrumentation - API Event SDKTestSuccessful response - {"message":"Unauthorized"}
19:26:30.513 [main] WARN  c.b.config.BrowserStackConfig - Test Observability could not be enabled because framework detected is null. We currently support frameworks testng, cucumber-testng & serenity
19:27:33.093 [main] DEBUG c.b.utils.FunnelInstrumentation - Error in getting Product java.lang.NullPointerException: Cannot invoke "String.equalsIgnoreCase(String)" because the return value of "com.browserstack.config.BrowserStackConfig.getFramework()" is null
19:27:33.176 [main] DEBUG c.b.utils.FunnelInstrumentation - Unable to parse data from processes. Exception: Unexpected token END OF FILE at position 0.
	at browserstack.shaded.org.json.simple.parser.JSONParser.parse(Unknown Source)
	at browserstack.shaded.org.json.simple.parser.JSONParser.parse(Unknown Source)
	at browserstack.shaded.org.json.simple.parser.JSONParser.parse(Unknown Source)
	at com.browserstack.utils.FunnelInstrumentation.getFormattedDataFromProcesses(Unknown Source)
	at com.browserstack.utils.FunnelInstrumentation.createParamsForEvent(Unknown Source)
	at com.browserstack.utils.FunnelInstrumentation.sendSDKEvent(Unknown Source)
	at com.browserstack.testNgListeners.TmpSuiteListener.onFinish(Unknown Source)
	at org.testng.TestRunner.fireEvent(TestRunner.java:923)
	at org.testng.TestRunner.afterRun(TestRunner.java:887)
	at org.testng.TestRunner.run(TestRunner.java:599)
	at org.testng.SuiteRunner.runTest(SuiteRunner.java:377)
	at org.testng.SuiteRunner.runSequentially(SuiteRunner.java:371)
	at org.testng.SuiteRunner.privateRun(SuiteRunner.java:332)
	at org.testng.SuiteRunner.run(SuiteRunner.java:276)
	at org.testng.SuiteRunnerWorker.runSuite(SuiteRunnerWorker.java:53)
	at org.testng.SuiteRunnerWorker.run(SuiteRunnerWorker.java:96)
	at org.testng.TestNG.runSuitesSequentially(TestNG.java:1212)
	at org.testng.TestNG.runSuitesLocally(TestNG.java:1134)
	at org.testng.TestNG.runSuites(TestNG.java:1063)
	at org.testng.TestNG.run(TestNG.java:1031)
	at org.testng.remote.AbstractRemoteTestNG.run(AbstractRemoteTestNG.java:115)
	at org.testng.remote.RemoteTestNG.initAndRun(RemoteTestNG.java:293)
	at org.testng.remote.RemoteTestNG.main(RemoteTestNG.java:91)

19:27:33.176 [main] DEBUG com.browserstack.testOps.UsageStats - getFormattedData: Collecting data for TestObservability
19:27:33.218 [main] TRACE c.b.t.TestOrchestrationUtils - getInstrumentationData: invoked
19:27:33.228 [main] DEBUG c.b.utils.FunnelInstrumentation - Sending funnel data for SDKTestSuccessful with data: {"event_type":"SDKTestSuccessful","accessKey":null,"userName":null,"event_properties":{"product":"[automate]","buildName":"unknown","os":"Windows 11","languageVersion":"22.0.1","appiumVersion":"null","frameworkDetectionInstrumentation":{},"isPercyAutoEnabled":false,"language":"java","sdkRunId":"a4ee7a94-77b0-430c-953e-fd685feb4574","buildIdentifier":"unknown","testhub_uuid":"","detectedAppiumVersion":"null","detectedDependencies":"","productMap":{"app_automate":false,"accessibility":false,"automate":true,"percy":false,"observability":false,"turboscale":false},"referrer":"unknown","hostname":"DESKTOP-QVD64FI","locationTrigger":"onFinish","language_framework":"unknown","productUsage":{"testObservability":{"buildHashedId":"","manuallySet":false,"enabled":false}},"testOrchestration":{"abortBuildOnFailure":{"enabled":false},"retryTestsOnFailure":{"enabled":false},"userConfig":{}},"detectedSeleniumVersion":"4.27.0","browserStackConfig":{"browserstackLocal":null,"percy":false,"logLevel":"info","staticWebDriver":true,"autoDetectFramework":true,"percyCaptureMode":"MANUAL","browserStackLocalOptions":null,"percyOptions":null,"testContextOptions":{"skipSessionName":false,"skipSessionStatus":false,"serenityOverridePlugin":false},"platforms":null,"parallelsPerPlatform":null,"framework":null,"accessibility":false,"accessibilityOptions":{},"turboScaleOptions":{},"disableAutoCaptureLogs":true,"testObservability":true,"browserstackAutomation":true,"turboScale":false,"testObservabilityOptions":{},"gradleMConfig":null,"proxySettings":null},"seleniumVersion":"null","percyBuildId":null}}
19:27:33.924 [main] DEBUG c.b.utils.FunnelInstrumentation - API Event SDKTestSuccessful response - {"message":"Unauthorized"}
10:59:53.813 [main] WARN  c.b.config.BrowserStackConfig - Test Observability could not be enabled because framework detected is null. We currently support frameworks testng, cucumber-testng & serenity
11:00:37.131 [main] WARN  c.b.config.BrowserStackConfig - Test Observability could not be enabled because framework detected is null. We currently support frameworks testng, cucumber-testng & serenity
11:01:58.720 [main] WARN  c.b.config.BrowserStackConfig - Test Observability could not be enabled because framework detected is null. We currently support frameworks testng, cucumber-testng & serenity
11:21:32.907 [main] DEBUG c.b.utils.FunnelInstrumentation - Error in getting Product java.lang.NullPointerException: Cannot invoke "String.equalsIgnoreCase(String)" because the return value of "com.browserstack.config.BrowserStackConfig.getFramework()" is null
11:21:32.975 [main] DEBUG c.b.utils.FunnelInstrumentation - Unable to parse data from processes. Exception: Unexpected token END OF FILE at position 0.
	at browserstack.shaded.org.json.simple.parser.JSONParser.parse(Unknown Source)
	at browserstack.shaded.org.json.simple.parser.JSONParser.parse(Unknown Source)
	at browserstack.shaded.org.json.simple.parser.JSONParser.parse(Unknown Source)
	at com.browserstack.utils.FunnelInstrumentation.getFormattedDataFromProcesses(Unknown Source)
	at com.browserstack.utils.FunnelInstrumentation.createParamsForEvent(Unknown Source)
	at com.browserstack.utils.FunnelInstrumentation.sendSDKEvent(Unknown Source)
	at com.browserstack.testNgListeners.TmpSuiteListener.onFinish(Unknown Source)
	at org.testng.TestRunner.fireEvent(TestRunner.java:923)
	at org.testng.TestRunner.afterRun(TestRunner.java:887)
	at org.testng.TestRunner.run(TestRunner.java:599)
	at org.testng.SuiteRunner.runTest(SuiteRunner.java:377)
	at org.testng.SuiteRunner.runSequentially(SuiteRunner.java:371)
	at org.testng.SuiteRunner.privateRun(SuiteRunner.java:332)
	at org.testng.SuiteRunner.run(SuiteRunner.java:276)
	at org.testng.SuiteRunnerWorker.runSuite(SuiteRunnerWorker.java:53)
	at org.testng.SuiteRunnerWorker.run(SuiteRunnerWorker.java:96)
	at org.testng.TestNG.runSuitesSequentially(TestNG.java:1212)
	at org.testng.TestNG.runSuitesLocally(TestNG.java:1134)
	at org.testng.TestNG.runSuites(TestNG.java:1063)
	at org.testng.TestNG.run(TestNG.java:1031)
	at org.testng.remote.AbstractRemoteTestNG.run(AbstractRemoteTestNG.java:115)
	at org.testng.remote.RemoteTestNG.initAndRun(RemoteTestNG.java:293)
	at org.testng.remote.RemoteTestNG.main(RemoteTestNG.java:91)

11:21:32.975 [main] DEBUG com.browserstack.testOps.UsageStats - getFormattedData: Collecting data for TestObservability
11:21:33.024 [main] TRACE c.b.t.TestOrchestrationUtils - getInstrumentationData: invoked
11:21:33.034 [main] DEBUG c.b.utils.FunnelInstrumentation - Sending funnel data for SDKTestSuccessful with data: {"event_type":"SDKTestSuccessful","accessKey":null,"userName":null,"event_properties":{"product":"[automate]","buildName":"unknown","os":"Windows 11","languageVersion":"22.0.1","appiumVersion":"null","frameworkDetectionInstrumentation":{},"isPercyAutoEnabled":false,"language":"java","sdkRunId":"ac1c7c19-8c5b-4c31-8fe0-95cefc213629","buildIdentifier":"unknown","testhub_uuid":"","detectedAppiumVersion":"null","detectedDependencies":"","productMap":{"app_automate":false,"accessibility":false,"automate":true,"percy":false,"observability":false,"turboscale":false},"referrer":"unknown","hostname":"DESKTOP-QVD64FI","locationTrigger":"onFinish","language_framework":"unknown","productUsage":{"testObservability":{"buildHashedId":"","manuallySet":false,"enabled":false}},"testOrchestration":{"abortBuildOnFailure":{"enabled":false},"retryTestsOnFailure":{"enabled":false},"userConfig":{}},"detectedSeleniumVersion":"4.27.0","browserStackConfig":{"browserstackLocal":null,"percy":false,"logLevel":"info","staticWebDriver":true,"autoDetectFramework":true,"percyCaptureMode":"MANUAL","browserStackLocalOptions":null,"percyOptions":null,"testContextOptions":{"serenityOverridePlugin":false,"skipSessionName":false,"skipSessionStatus":false},"platforms":null,"parallelsPerPlatform":null,"framework":null,"accessibility":false,"accessibilityOptions":{},"turboScaleOptions":{},"disableAutoCaptureLogs":true,"testObservability":true,"browserstackAutomation":true,"turboScale":false,"testObservabilityOptions":{},"gradleMConfig":null,"proxySettings":null},"seleniumVersion":"null","percyBuildId":null}}
11:21:33.784 [main] DEBUG c.b.utils.FunnelInstrumentation - API Event SDKTestSuccessful response - {"message":"Unauthorized"}
11:35:45.692 [main] WARN  c.b.config.BrowserStackConfig - Test Observability could not be enabled because framework detected is null. We currently support frameworks testng, cucumber-testng & serenity
11:52:42.441 [main] DEBUG c.b.utils.FunnelInstrumentation - Error in getting Product java.lang.NullPointerException: Cannot invoke "String.equalsIgnoreCase(String)" because the return value of "com.browserstack.config.BrowserStackConfig.getFramework()" is null
11:52:42.674 [main] DEBUG c.b.utils.FunnelInstrumentation - Unable to parse data from processes. Exception: Unexpected token END OF FILE at position 0.
	at browserstack.shaded.org.json.simple.parser.JSONParser.parse(Unknown Source)
	at browserstack.shaded.org.json.simple.parser.JSONParser.parse(Unknown Source)
	at browserstack.shaded.org.json.simple.parser.JSONParser.parse(Unknown Source)
	at com.browserstack.utils.FunnelInstrumentation.getFormattedDataFromProcesses(Unknown Source)
	at com.browserstack.utils.FunnelInstrumentation.createParamsForEvent(Unknown Source)
	at com.browserstack.utils.FunnelInstrumentation.sendSDKEvent(Unknown Source)
	at com.browserstack.testNgListeners.TmpSuiteListener.onFinish(Unknown Source)
	at org.testng.TestRunner.fireEvent(TestRunner.java:923)
	at org.testng.TestRunner.afterRun(TestRunner.java:887)
	at org.testng.TestRunner.run(TestRunner.java:599)
	at org.testng.SuiteRunner.runTest(SuiteRunner.java:377)
	at org.testng.SuiteRunner.runSequentially(SuiteRunner.java:371)
	at org.testng.SuiteRunner.privateRun(SuiteRunner.java:332)
	at org.testng.SuiteRunner.run(SuiteRunner.java:276)
	at org.testng.SuiteRunnerWorker.runSuite(SuiteRunnerWorker.java:53)
	at org.testng.SuiteRunnerWorker.run(SuiteRunnerWorker.java:96)
	at org.testng.TestNG.runSuitesSequentially(TestNG.java:1212)
	at org.testng.TestNG.runSuitesLocally(TestNG.java:1134)
	at org.testng.TestNG.runSuites(TestNG.java:1063)
	at org.testng.TestNG.run(TestNG.java:1031)
	at org.testng.remote.AbstractRemoteTestNG.run(AbstractRemoteTestNG.java:115)
	at org.testng.remote.RemoteTestNG.initAndRun(RemoteTestNG.java:293)
	at org.testng.remote.RemoteTestNG.main(RemoteTestNG.java:91)

11:52:42.674 [main] DEBUG com.browserstack.testOps.UsageStats - getFormattedData: Collecting data for TestObservability
11:52:42.768 [main] TRACE c.b.t.TestOrchestrationUtils - getInstrumentationData: invoked
11:52:42.789 [main] DEBUG c.b.utils.FunnelInstrumentation - Sending funnel data for SDKTestSuccessful with data: {"event_type":"SDKTestSuccessful","accessKey":null,"userName":null,"event_properties":{"product":"[automate]","buildName":"unknown","os":"Windows 11","languageVersion":"22.0.1","appiumVersion":"null","frameworkDetectionInstrumentation":{},"isPercyAutoEnabled":false,"language":"java","sdkRunId":"43651667-c75a-4fb9-9ee5-c9e642ffc00f","buildIdentifier":"unknown","testhub_uuid":"","detectedAppiumVersion":"null","detectedDependencies":"","productMap":{"app_automate":false,"accessibility":false,"automate":true,"percy":false,"observability":false,"turboscale":false},"referrer":"unknown","hostname":"DESKTOP-QVD64FI","locationTrigger":"onFinish","language_framework":"unknown","productUsage":{"testObservability":{"buildHashedId":"","manuallySet":false,"enabled":false}},"testOrchestration":{"abortBuildOnFailure":{"enabled":false},"retryTestsOnFailure":{"enabled":false},"userConfig":{}},"detectedSeleniumVersion":"4.27.0","browserStackConfig":{"browserstackLocal":null,"percy":false,"logLevel":"info","staticWebDriver":true,"autoDetectFramework":true,"percyCaptureMode":"MANUAL","browserStackLocalOptions":null,"percyOptions":null,"testContextOptions":{"skipSessionStatus":false,"serenityOverridePlugin":false,"skipSessionName":false},"platforms":null,"parallelsPerPlatform":null,"framework":null,"accessibility":false,"accessibilityOptions":{},"turboScaleOptions":{},"disableAutoCaptureLogs":true,"testObservability":true,"browserstackAutomation":true,"turboScale":false,"testObservabilityOptions":{},"gradleMConfig":null,"proxySettings":null},"seleniumVersion":"null","percyBuildId":null}}
11:52:43.570 [main] DEBUG c.b.utils.FunnelInstrumentation - API Event SDKTestSuccessful response - {"message":"Unauthorized"}
12:19:55.564 [main] WARN  c.b.config.BrowserStackConfig - Test Observability could not be enabled because framework detected is null. We currently support frameworks testng, cucumber-testng & serenity
12:20:40.088 [main] DEBUG c.b.utils.FunnelInstrumentation - Error in getting Product java.lang.NullPointerException: Cannot invoke "String.equalsIgnoreCase(String)" because the return value of "com.browserstack.config.BrowserStackConfig.getFramework()" is null
12:20:40.189 [main] DEBUG c.b.utils.FunnelInstrumentation - Unable to parse data from processes. Exception: Unexpected token END OF FILE at position 0.
	at browserstack.shaded.org.json.simple.parser.JSONParser.parse(Unknown Source)
	at browserstack.shaded.org.json.simple.parser.JSONParser.parse(Unknown Source)
	at browserstack.shaded.org.json.simple.parser.JSONParser.parse(Unknown Source)
	at com.browserstack.utils.FunnelInstrumentation.getFormattedDataFromProcesses(Unknown Source)
	at com.browserstack.utils.FunnelInstrumentation.createParamsForEvent(Unknown Source)
	at com.browserstack.utils.FunnelInstrumentation.sendSDKEvent(Unknown Source)
	at com.browserstack.testNgListeners.TmpSuiteListener.onFinish(Unknown Source)
	at org.testng.TestRunner.fireEvent(TestRunner.java:923)
	at org.testng.TestRunner.afterRun(TestRunner.java:887)
	at org.testng.TestRunner.run(TestRunner.java:599)
	at org.testng.SuiteRunner.runTest(SuiteRunner.java:377)
	at org.testng.SuiteRunner.runSequentially(SuiteRunner.java:371)
	at org.testng.SuiteRunner.privateRun(SuiteRunner.java:332)
	at org.testng.SuiteRunner.run(SuiteRunner.java:276)
	at org.testng.SuiteRunnerWorker.runSuite(SuiteRunnerWorker.java:53)
	at org.testng.SuiteRunnerWorker.run(SuiteRunnerWorker.java:96)
	at org.testng.TestNG.runSuitesSequentially(TestNG.java:1212)
	at org.testng.TestNG.runSuitesLocally(TestNG.java:1134)
	at org.testng.TestNG.runSuites(TestNG.java:1063)
	at org.testng.TestNG.run(TestNG.java:1031)
	at org.testng.remote.AbstractRemoteTestNG.run(AbstractRemoteTestNG.java:115)
	at org.testng.remote.RemoteTestNG.initAndRun(RemoteTestNG.java:293)
	at org.testng.remote.RemoteTestNG.main(RemoteTestNG.java:91)

12:20:40.189 [main] DEBUG com.browserstack.testOps.UsageStats - getFormattedData: Collecting data for TestObservability
12:20:40.230 [main] TRACE c.b.t.TestOrchestrationUtils - getInstrumentationData: invoked
12:20:40.240 [main] DEBUG c.b.utils.FunnelInstrumentation - Sending funnel data for SDKTestSuccessful with data: {"event_type":"SDKTestSuccessful","accessKey":null,"userName":null,"event_properties":{"product":"[automate]","buildName":"unknown","os":"Windows 11","languageVersion":"22.0.1","appiumVersion":"null","frameworkDetectionInstrumentation":{},"isPercyAutoEnabled":false,"language":"java","sdkRunId":"4a3cab86-86c1-4ccd-aa48-dc7a2fa5cb6f","buildIdentifier":"unknown","testhub_uuid":"","detectedAppiumVersion":"null","detectedDependencies":"","productMap":{"app_automate":false,"accessibility":false,"automate":true,"percy":false,"observability":false,"turboscale":false},"referrer":"unknown","hostname":"DESKTOP-QVD64FI","locationTrigger":"onFinish","language_framework":"unknown","productUsage":{"testObservability":{"buildHashedId":"","manuallySet":false,"enabled":false}},"testOrchestration":{"abortBuildOnFailure":{"enabled":false},"retryTestsOnFailure":{"enabled":false},"userConfig":{}},"detectedSeleniumVersion":"4.27.0","browserStackConfig":{"browserstackLocal":null,"percy":false,"logLevel":"info","staticWebDriver":true,"autoDetectFramework":true,"percyCaptureMode":"MANUAL","browserStackLocalOptions":null,"percyOptions":null,"testContextOptions":{"skipSessionName":false,"serenityOverridePlugin":false,"skipSessionStatus":false},"platforms":null,"parallelsPerPlatform":null,"framework":null,"accessibility":false,"accessibilityOptions":{},"turboScaleOptions":{},"disableAutoCaptureLogs":true,"testObservability":true,"browserstackAutomation":true,"turboScale":false,"testObservabilityOptions":{},"gradleMConfig":null,"proxySettings":null},"seleniumVersion":"null","percyBuildId":null}}
12:20:42.043 [main] DEBUG c.b.utils.FunnelInstrumentation - API Event SDKTestSuccessful response - {"message":"Unauthorized"}
12:22:38.446 [main] WARN  c.b.config.BrowserStackConfig - Test Observability could not be enabled because framework detected is null. We currently support frameworks testng, cucumber-testng & serenity
12:23:24.437 [main] DEBUG c.b.utils.FunnelInstrumentation - Error in getting Product java.lang.NullPointerException: Cannot invoke "String.equalsIgnoreCase(String)" because the return value of "com.browserstack.config.BrowserStackConfig.getFramework()" is null
12:23:24.551 [main] DEBUG c.b.utils.FunnelInstrumentation - Unable to parse data from processes. Exception: Unexpected token END OF FILE at position 0.
	at browserstack.shaded.org.json.simple.parser.JSONParser.parse(Unknown Source)
	at browserstack.shaded.org.json.simple.parser.JSONParser.parse(Unknown Source)
	at browserstack.shaded.org.json.simple.parser.JSONParser.parse(Unknown Source)
	at com.browserstack.utils.FunnelInstrumentation.getFormattedDataFromProcesses(Unknown Source)
	at com.browserstack.utils.FunnelInstrumentation.createParamsForEvent(Unknown Source)
	at com.browserstack.utils.FunnelInstrumentation.sendSDKEvent(Unknown Source)
	at com.browserstack.testNgListeners.TmpSuiteListener.onFinish(Unknown Source)
	at org.testng.TestRunner.fireEvent(TestRunner.java:923)
	at org.testng.TestRunner.afterRun(TestRunner.java:887)
	at org.testng.TestRunner.run(TestRunner.java:599)
	at org.testng.SuiteRunner.runTest(SuiteRunner.java:377)
	at org.testng.SuiteRunner.runSequentially(SuiteRunner.java:371)
	at org.testng.SuiteRunner.privateRun(SuiteRunner.java:332)
	at org.testng.SuiteRunner.run(SuiteRunner.java:276)
	at org.testng.SuiteRunnerWorker.runSuite(SuiteRunnerWorker.java:53)
	at org.testng.SuiteRunnerWorker.run(SuiteRunnerWorker.java:96)
	at org.testng.TestNG.runSuitesSequentially(TestNG.java:1212)
	at org.testng.TestNG.runSuitesLocally(TestNG.java:1134)
	at org.testng.TestNG.runSuites(TestNG.java:1063)
	at org.testng.TestNG.run(TestNG.java:1031)
	at org.testng.remote.AbstractRemoteTestNG.run(AbstractRemoteTestNG.java:115)
	at org.testng.remote.RemoteTestNG.initAndRun(RemoteTestNG.java:293)
	at org.testng.remote.RemoteTestNG.main(RemoteTestNG.java:91)

12:23:24.551 [main] DEBUG com.browserstack.testOps.UsageStats - getFormattedData: Collecting data for TestObservability
12:23:24.612 [main] TRACE c.b.t.TestOrchestrationUtils - getInstrumentationData: invoked
12:23:24.629 [main] DEBUG c.b.utils.FunnelInstrumentation - Sending funnel data for SDKTestSuccessful with data: {"event_type":"SDKTestSuccessful","accessKey":null,"userName":null,"event_properties":{"product":"[automate]","buildName":"unknown","os":"Windows 11","languageVersion":"22.0.1","appiumVersion":"null","frameworkDetectionInstrumentation":{},"isPercyAutoEnabled":false,"language":"java","sdkRunId":"af3d9d52-38d7-496b-947d-367530b8ae43","buildIdentifier":"unknown","testhub_uuid":"","detectedAppiumVersion":"null","detectedDependencies":"","productMap":{"app_automate":false,"accessibility":false,"automate":true,"percy":false,"observability":false,"turboscale":false},"referrer":"unknown","hostname":"DESKTOP-QVD64FI","locationTrigger":"onFinish","language_framework":"unknown","productUsage":{"testObservability":{"buildHashedId":"","manuallySet":false,"enabled":false}},"testOrchestration":{"abortBuildOnFailure":{"enabled":false},"retryTestsOnFailure":{"enabled":false},"userConfig":{}},"detectedSeleniumVersion":"4.27.0","browserStackConfig":{"browserstackLocal":null,"percy":false,"logLevel":"info","staticWebDriver":true,"autoDetectFramework":true,"percyCaptureMode":"MANUAL","browserStackLocalOptions":null,"percyOptions":null,"testContextOptions":{"skipSessionName":false,"skipSessionStatus":false,"serenityOverridePlugin":false},"platforms":null,"parallelsPerPlatform":null,"framework":null,"accessibility":false,"accessibilityOptions":{},"turboScaleOptions":{},"disableAutoCaptureLogs":true,"testObservability":true,"browserstackAutomation":true,"turboScale":false,"testObservabilityOptions":{},"gradleMConfig":null,"proxySettings":null},"seleniumVersion":"null","percyBuildId":null}}
12:23:25.486 [main] DEBUG c.b.utils.FunnelInstrumentation - API Event SDKTestSuccessful response - {"message":"Unauthorized"}
12:24:07.603 [main] WARN  c.b.config.BrowserStackConfig - Test Observability could not be enabled because framework detected is null. We currently support frameworks testng, cucumber-testng & serenity
12:24:50.546 [main] DEBUG c.b.utils.FunnelInstrumentation - Error in getting Product java.lang.NullPointerException: Cannot invoke "String.equalsIgnoreCase(String)" because the return value of "com.browserstack.config.BrowserStackConfig.getFramework()" is null
12:24:50.622 [main] DEBUG c.b.utils.FunnelInstrumentation - Unable to parse data from processes. Exception: Unexpected token END OF FILE at position 0.
	at browserstack.shaded.org.json.simple.parser.JSONParser.parse(Unknown Source)
	at browserstack.shaded.org.json.simple.parser.JSONParser.parse(Unknown Source)
	at browserstack.shaded.org.json.simple.parser.JSONParser.parse(Unknown Source)
	at com.browserstack.utils.FunnelInstrumentation.getFormattedDataFromProcesses(Unknown Source)
	at com.browserstack.utils.FunnelInstrumentation.createParamsForEvent(Unknown Source)
	at com.browserstack.utils.FunnelInstrumentation.sendSDKEvent(Unknown Source)
	at com.browserstack.testNgListeners.TmpSuiteListener.onFinish(Unknown Source)
	at org.testng.TestRunner.fireEvent(TestRunner.java:923)
	at org.testng.TestRunner.afterRun(TestRunner.java:887)
	at org.testng.TestRunner.run(TestRunner.java:599)
	at org.testng.SuiteRunner.runTest(SuiteRunner.java:377)
	at org.testng.SuiteRunner.runSequentially(SuiteRunner.java:371)
	at org.testng.SuiteRunner.privateRun(SuiteRunner.java:332)
	at org.testng.SuiteRunner.run(SuiteRunner.java:276)
	at org.testng.SuiteRunnerWorker.runSuite(SuiteRunnerWorker.java:53)
	at org.testng.SuiteRunnerWorker.run(SuiteRunnerWorker.java:96)
	at org.testng.TestNG.runSuitesSequentially(TestNG.java:1212)
	at org.testng.TestNG.runSuitesLocally(TestNG.java:1134)
	at org.testng.TestNG.runSuites(TestNG.java:1063)
	at org.testng.TestNG.run(TestNG.java:1031)
	at org.testng.remote.AbstractRemoteTestNG.run(AbstractRemoteTestNG.java:115)
	at org.testng.remote.RemoteTestNG.initAndRun(RemoteTestNG.java:293)
	at org.testng.remote.RemoteTestNG.main(RemoteTestNG.java:91)

12:24:50.622 [main] DEBUG com.browserstack.testOps.UsageStats - getFormattedData: Collecting data for TestObservability
12:24:50.653 [main] TRACE c.b.t.TestOrchestrationUtils - getInstrumentationData: invoked
12:24:50.660 [main] DEBUG c.b.utils.FunnelInstrumentation - Sending funnel data for SDKTestSuccessful with data: {"event_type":"SDKTestSuccessful","accessKey":null,"userName":null,"event_properties":{"product":"[automate]","buildName":"unknown","os":"Windows 11","languageVersion":"22.0.1","appiumVersion":"null","frameworkDetectionInstrumentation":{},"isPercyAutoEnabled":false,"language":"java","sdkRunId":"ac9d5bc0-8bc7-4992-86cf-6304644fc25e","buildIdentifier":"unknown","testhub_uuid":"","detectedAppiumVersion":"null","detectedDependencies":"","productMap":{"app_automate":false,"accessibility":false,"automate":true,"percy":false,"observability":false,"turboscale":false},"referrer":"unknown","hostname":"DESKTOP-QVD64FI","locationTrigger":"onFinish","language_framework":"unknown","productUsage":{"testObservability":{"buildHashedId":"","manuallySet":false,"enabled":false}},"testOrchestration":{"abortBuildOnFailure":{"enabled":false},"retryTestsOnFailure":{"enabled":false},"userConfig":{}},"detectedSeleniumVersion":"4.27.0","browserStackConfig":{"browserstackLocal":null,"percy":false,"logLevel":"info","staticWebDriver":true,"autoDetectFramework":true,"percyCaptureMode":"MANUAL","browserStackLocalOptions":null,"percyOptions":null,"testContextOptions":{"skipSessionName":false,"serenityOverridePlugin":false,"skipSessionStatus":false},"platforms":null,"parallelsPerPlatform":null,"framework":null,"accessibility":false,"accessibilityOptions":{},"turboScaleOptions":{},"disableAutoCaptureLogs":true,"testObservability":true,"browserstackAutomation":true,"turboScale":false,"testObservabilityOptions":{},"gradleMConfig":null,"proxySettings":null},"seleniumVersion":"null","percyBuildId":null}}
12:24:51.435 [main] DEBUG c.b.utils.FunnelInstrumentation - API Event SDKTestSuccessful response - {"message":"Unauthorized"}
12:25:07.664 [main] WARN  c.b.config.BrowserStackConfig - Test Observability could not be enabled because framework detected is null. We currently support frameworks testng, cucumber-testng & serenity
12:31:35.810 [main] DEBUG c.b.utils.FunnelInstrumentation - Error in getting Product java.lang.NullPointerException: Cannot invoke "String.equalsIgnoreCase(String)" because the return value of "com.browserstack.config.BrowserStackConfig.getFramework()" is null
12:31:35.870 [main] DEBUG c.b.utils.FunnelInstrumentation - Unable to parse data from processes. Exception: Unexpected token END OF FILE at position 0.
	at browserstack.shaded.org.json.simple.parser.JSONParser.parse(Unknown Source)
	at browserstack.shaded.org.json.simple.parser.JSONParser.parse(Unknown Source)
	at browserstack.shaded.org.json.simple.parser.JSONParser.parse(Unknown Source)
	at com.browserstack.utils.FunnelInstrumentation.getFormattedDataFromProcesses(Unknown Source)
	at com.browserstack.utils.FunnelInstrumentation.createParamsForEvent(Unknown Source)
	at com.browserstack.utils.FunnelInstrumentation.sendSDKEvent(Unknown Source)
	at com.browserstack.testNgListeners.TmpSuiteListener.onFinish(Unknown Source)
	at org.testng.TestRunner.fireEvent(TestRunner.java:923)
	at org.testng.TestRunner.afterRun(TestRunner.java:887)
	at org.testng.TestRunner.run(TestRunner.java:599)
	at org.testng.SuiteRunner.runTest(SuiteRunner.java:377)
	at org.testng.SuiteRunner.runSequentially(SuiteRunner.java:371)
	at org.testng.SuiteRunner.privateRun(SuiteRunner.java:332)
	at org.testng.SuiteRunner.run(SuiteRunner.java:276)
	at org.testng.SuiteRunnerWorker.runSuite(SuiteRunnerWorker.java:53)
	at org.testng.SuiteRunnerWorker.run(SuiteRunnerWorker.java:96)
	at org.testng.TestNG.runSuitesSequentially(TestNG.java:1212)
	at org.testng.TestNG.runSuitesLocally(TestNG.java:1134)
	at org.testng.TestNG.runSuites(TestNG.java:1063)
	at org.testng.TestNG.run(TestNG.java:1031)
	at org.testng.remote.AbstractRemoteTestNG.run(AbstractRemoteTestNG.java:115)
	at org.testng.remote.RemoteTestNG.initAndRun(RemoteTestNG.java:293)
	at org.testng.remote.RemoteTestNG.main(RemoteTestNG.java:91)

12:31:35.870 [main] DEBUG com.browserstack.testOps.UsageStats - getFormattedData: Collecting data for TestObservability
12:31:35.906 [main] TRACE c.b.t.TestOrchestrationUtils - getInstrumentationData: invoked
12:31:35.914 [main] DEBUG c.b.utils.FunnelInstrumentation - Sending funnel data for SDKTestSuccessful with data: {"event_type":"SDKTestSuccessful","accessKey":null,"userName":null,"event_properties":{"product":"[automate]","buildName":"unknown","os":"Windows 11","languageVersion":"22.0.1","appiumVersion":"null","frameworkDetectionInstrumentation":{},"isPercyAutoEnabled":false,"language":"java","sdkRunId":"0ccc05d1-b395-4b94-9185-bf252e2a62a1","buildIdentifier":"unknown","testhub_uuid":"","detectedAppiumVersion":"null","detectedDependencies":"","productMap":{"app_automate":false,"accessibility":false,"automate":true,"percy":false,"observability":false,"turboscale":false},"referrer":"unknown","hostname":"DESKTOP-QVD64FI","locationTrigger":"onFinish","language_framework":"unknown","productUsage":{"testObservability":{"buildHashedId":"","manuallySet":false,"enabled":false}},"testOrchestration":{"abortBuildOnFailure":{"enabled":false},"retryTestsOnFailure":{"enabled":false},"userConfig":{}},"detectedSeleniumVersion":"4.27.0","browserStackConfig":{"browserstackLocal":null,"percy":false,"logLevel":"info","staticWebDriver":true,"autoDetectFramework":true,"percyCaptureMode":"MANUAL","browserStackLocalOptions":null,"percyOptions":null,"testContextOptions":{"skipSessionName":false,"skipSessionStatus":false,"serenityOverridePlugin":false},"platforms":null,"parallelsPerPlatform":null,"framework":null,"accessibility":false,"accessibilityOptions":{},"turboScaleOptions":{},"disableAutoCaptureLogs":true,"testObservability":true,"browserstackAutomation":true,"turboScale":false,"testObservabilityOptions":{},"gradleMConfig":null,"proxySettings":null},"seleniumVersion":"null","percyBuildId":null}}
12:31:38.203 [main] DEBUG c.b.utils.FunnelInstrumentation - API Event SDKTestSuccessful response - {"message":"Unauthorized"}
12:31:58.727 [main] WARN  c.b.config.BrowserStackConfig - Test Observability could not be enabled because framework detected is null. We currently support frameworks testng, cucumber-testng & serenity
12:32:18.005 [main] DEBUG c.b.utils.FunnelInstrumentation - Error in getting Product java.lang.NullPointerException: Cannot invoke "String.equalsIgnoreCase(String)" because the return value of "com.browserstack.config.BrowserStackConfig.getFramework()" is null
12:32:18.068 [main] DEBUG c.b.utils.FunnelInstrumentation - Unable to parse data from processes. Exception: Unexpected token END OF FILE at position 0.
	at browserstack.shaded.org.json.simple.parser.JSONParser.parse(Unknown Source)
	at browserstack.shaded.org.json.simple.parser.JSONParser.parse(Unknown Source)
	at browserstack.shaded.org.json.simple.parser.JSONParser.parse(Unknown Source)
	at com.browserstack.utils.FunnelInstrumentation.getFormattedDataFromProcesses(Unknown Source)
	at com.browserstack.utils.FunnelInstrumentation.createParamsForEvent(Unknown Source)
	at com.browserstack.utils.FunnelInstrumentation.sendSDKEvent(Unknown Source)
	at com.browserstack.testNgListeners.TmpSuiteListener.onFinish(Unknown Source)
	at org.testng.TestRunner.fireEvent(TestRunner.java:923)
	at org.testng.TestRunner.afterRun(TestRunner.java:887)
	at org.testng.TestRunner.run(TestRunner.java:599)
	at org.testng.SuiteRunner.runTest(SuiteRunner.java:377)
	at org.testng.SuiteRunner.runSequentially(SuiteRunner.java:371)
	at org.testng.SuiteRunner.privateRun(SuiteRunner.java:332)
	at org.testng.SuiteRunner.run(SuiteRunner.java:276)
	at org.testng.SuiteRunnerWorker.runSuite(SuiteRunnerWorker.java:53)
	at org.testng.SuiteRunnerWorker.run(SuiteRunnerWorker.java:96)
	at org.testng.TestNG.runSuitesSequentially(TestNG.java:1212)
	at org.testng.TestNG.runSuitesLocally(TestNG.java:1134)
	at org.testng.TestNG.runSuites(TestNG.java:1063)
	at org.testng.TestNG.run(TestNG.java:1031)
	at org.testng.remote.AbstractRemoteTestNG.run(AbstractRemoteTestNG.java:115)
	at org.testng.remote.RemoteTestNG.initAndRun(RemoteTestNG.java:293)
	at org.testng.remote.RemoteTestNG.main(RemoteTestNG.java:91)

12:32:18.069 [main] DEBUG com.browserstack.testOps.UsageStats - getFormattedData: Collecting data for TestObservability
12:32:18.115 [main] TRACE c.b.t.TestOrchestrationUtils - getInstrumentationData: invoked
12:32:18.124 [main] DEBUG c.b.utils.FunnelInstrumentation - Sending funnel data for SDKTestSuccessful with data: {"event_type":"SDKTestSuccessful","accessKey":null,"userName":null,"event_properties":{"product":"[automate]","buildName":"unknown","os":"Windows 11","languageVersion":"22.0.1","appiumVersion":"null","frameworkDetectionInstrumentation":{},"isPercyAutoEnabled":false,"language":"java","sdkRunId":"14ebd4a8-995e-48d4-9842-27b33627a009","buildIdentifier":"unknown","testhub_uuid":"","detectedAppiumVersion":"null","detectedDependencies":"","productMap":{"app_automate":false,"accessibility":false,"automate":true,"percy":false,"observability":false,"turboscale":false},"referrer":"unknown","hostname":"DESKTOP-QVD64FI","locationTrigger":"onFinish","language_framework":"unknown","productUsage":{"testObservability":{"buildHashedId":"","manuallySet":false,"enabled":false}},"testOrchestration":{"abortBuildOnFailure":{"enabled":false},"retryTestsOnFailure":{"enabled":false},"userConfig":{}},"detectedSeleniumVersion":"4.27.0","browserStackConfig":{"browserstackLocal":null,"percy":false,"logLevel":"info","staticWebDriver":true,"autoDetectFramework":true,"percyCaptureMode":"MANUAL","browserStackLocalOptions":null,"percyOptions":null,"testContextOptions":{"skipSessionName":false,"skipSessionStatus":false,"serenityOverridePlugin":false},"platforms":null,"parallelsPerPlatform":null,"framework":null,"accessibility":false,"accessibilityOptions":{},"turboScaleOptions":{},"disableAutoCaptureLogs":true,"testObservability":true,"browserstackAutomation":true,"turboScale":false,"testObservabilityOptions":{},"gradleMConfig":null,"proxySettings":null},"seleniumVersion":"null","percyBuildId":null}}
12:32:18.915 [main] DEBUG c.b.utils.FunnelInstrumentation - API Event SDKTestSuccessful response - {"message":"Unauthorized"}
12:37:49.807 [main] WARN  c.b.config.BrowserStackConfig - Test Observability could not be enabled because framework detected is null. We currently support frameworks testng, cucumber-testng & serenity
12:38:49.923 [main] DEBUG c.b.utils.FunnelInstrumentation - Error in getting Product java.lang.NullPointerException: Cannot invoke "String.equalsIgnoreCase(String)" because the return value of "com.browserstack.config.BrowserStackConfig.getFramework()" is null
12:38:50.063 [main] DEBUG c.b.utils.FunnelInstrumentation - Unable to parse data from processes. Exception: Unexpected token END OF FILE at position 0.
	at browserstack.shaded.org.json.simple.parser.JSONParser.parse(Unknown Source)
	at browserstack.shaded.org.json.simple.parser.JSONParser.parse(Unknown Source)
	at browserstack.shaded.org.json.simple.parser.JSONParser.parse(Unknown Source)
	at com.browserstack.utils.FunnelInstrumentation.getFormattedDataFromProcesses(Unknown Source)
	at com.browserstack.utils.FunnelInstrumentation.createParamsForEvent(Unknown Source)
	at com.browserstack.utils.FunnelInstrumentation.sendSDKEvent(Unknown Source)
	at com.browserstack.testNgListeners.TmpSuiteListener.onFinish(Unknown Source)
	at org.testng.TestRunner.fireEvent(TestRunner.java:923)
	at org.testng.TestRunner.afterRun(TestRunner.java:887)
	at org.testng.TestRunner.run(TestRunner.java:599)
	at org.testng.SuiteRunner.runTest(SuiteRunner.java:377)
	at org.testng.SuiteRunner.runSequentially(SuiteRunner.java:371)
	at org.testng.SuiteRunner.privateRun(SuiteRunner.java:332)
	at org.testng.SuiteRunner.run(SuiteRunner.java:276)
	at org.testng.SuiteRunnerWorker.runSuite(SuiteRunnerWorker.java:53)
	at org.testng.SuiteRunnerWorker.run(SuiteRunnerWorker.java:96)
	at org.testng.TestNG.runSuitesSequentially(TestNG.java:1212)
	at org.testng.TestNG.runSuitesLocally(TestNG.java:1134)
	at org.testng.TestNG.runSuites(TestNG.java:1063)
	at org.testng.TestNG.run(TestNG.java:1031)
	at org.testng.remote.AbstractRemoteTestNG.run(AbstractRemoteTestNG.java:115)
	at org.testng.remote.RemoteTestNG.initAndRun(RemoteTestNG.java:293)
	at org.testng.remote.RemoteTestNG.main(RemoteTestNG.java:91)

12:38:50.064 [main] DEBUG com.browserstack.testOps.UsageStats - getFormattedData: Collecting data for TestObservability
12:38:50.128 [main] TRACE c.b.t.TestOrchestrationUtils - getInstrumentationData: invoked
12:38:50.147 [main] DEBUG c.b.utils.FunnelInstrumentation - Sending funnel data for SDKTestSuccessful with data: {"event_type":"SDKTestSuccessful","accessKey":null,"userName":null,"event_properties":{"product":"[automate]","buildName":"unknown","os":"Windows 11","languageVersion":"22.0.1","appiumVersion":"null","frameworkDetectionInstrumentation":{},"isPercyAutoEnabled":false,"language":"java","sdkRunId":"e0e64d96-84f0-4b89-807f-c73acea12811","buildIdentifier":"unknown","testhub_uuid":"","detectedAppiumVersion":"null","detectedDependencies":"","productMap":{"app_automate":false,"accessibility":false,"automate":true,"percy":false,"observability":false,"turboscale":false},"referrer":"unknown","hostname":"DESKTOP-QVD64FI","locationTrigger":"onFinish","language_framework":"unknown","productUsage":{"testObservability":{"buildHashedId":"","manuallySet":false,"enabled":false}},"testOrchestration":{"abortBuildOnFailure":{"enabled":false},"retryTestsOnFailure":{"enabled":false},"userConfig":{}},"detectedSeleniumVersion":"4.27.0","browserStackConfig":{"browserstackLocal":null,"percy":false,"logLevel":"info","staticWebDriver":true,"autoDetectFramework":true,"percyCaptureMode":"MANUAL","browserStackLocalOptions":null,"percyOptions":null,"testContextOptions":{"skipSessionName":false,"serenityOverridePlugin":false,"skipSessionStatus":false},"platforms":null,"parallelsPerPlatform":null,"framework":null,"accessibility":false,"accessibilityOptions":{},"turboScaleOptions":{},"disableAutoCaptureLogs":true,"testObservability":true,"browserstackAutomation":true,"turboScale":false,"testObservabilityOptions":{},"gradleMConfig":null,"proxySettings":null},"seleniumVersion":"null","percyBuildId":null}}
12:38:51.058 [main] DEBUG c.b.utils.FunnelInstrumentation - API Event SDKTestSuccessful response - {"message":"Unauthorized"}
12:41:43.705 [main] WARN  c.b.config.BrowserStackConfig - Test Observability could not be enabled because framework detected is null. We currently support frameworks testng, cucumber-testng & serenity
12:42:43.672 [main] DEBUG c.b.utils.FunnelInstrumentation - Error in getting Product java.lang.NullPointerException: Cannot invoke "String.equalsIgnoreCase(String)" because the return value of "com.browserstack.config.BrowserStackConfig.getFramework()" is null
12:42:43.754 [main] DEBUG c.b.utils.FunnelInstrumentation - Unable to parse data from processes. Exception: Unexpected token END OF FILE at position 0.
	at browserstack.shaded.org.json.simple.parser.JSONParser.parse(Unknown Source)
	at browserstack.shaded.org.json.simple.parser.JSONParser.parse(Unknown Source)
	at browserstack.shaded.org.json.simple.parser.JSONParser.parse(Unknown Source)
	at com.browserstack.utils.FunnelInstrumentation.getFormattedDataFromProcesses(Unknown Source)
	at com.browserstack.utils.FunnelInstrumentation.createParamsForEvent(Unknown Source)
	at com.browserstack.utils.FunnelInstrumentation.sendSDKEvent(Unknown Source)
	at com.browserstack.testNgListeners.TmpSuiteListener.onFinish(Unknown Source)
	at org.testng.TestRunner.fireEvent(TestRunner.java:923)
	at org.testng.TestRunner.afterRun(TestRunner.java:887)
	at org.testng.TestRunner.run(TestRunner.java:599)
	at org.testng.SuiteRunner.runTest(SuiteRunner.java:377)
	at org.testng.SuiteRunner.runSequentially(SuiteRunner.java:371)
	at org.testng.SuiteRunner.privateRun(SuiteRunner.java:332)
	at org.testng.SuiteRunner.run(SuiteRunner.java:276)
	at org.testng.SuiteRunnerWorker.runSuite(SuiteRunnerWorker.java:53)
	at org.testng.SuiteRunnerWorker.run(SuiteRunnerWorker.java:96)
	at org.testng.TestNG.runSuitesSequentially(TestNG.java:1212)
	at org.testng.TestNG.runSuitesLocally(TestNG.java:1134)
	at org.testng.TestNG.runSuites(TestNG.java:1063)
	at org.testng.TestNG.run(TestNG.java:1031)
	at org.testng.remote.AbstractRemoteTestNG.run(AbstractRemoteTestNG.java:115)
	at org.testng.remote.RemoteTestNG.initAndRun(RemoteTestNG.java:293)
	at org.testng.remote.RemoteTestNG.main(RemoteTestNG.java:91)

12:42:43.754 [main] DEBUG com.browserstack.testOps.UsageStats - getFormattedData: Collecting data for TestObservability
12:42:43.797 [main] TRACE c.b.t.TestOrchestrationUtils - getInstrumentationData: invoked
12:42:43.804 [main] DEBUG c.b.utils.FunnelInstrumentation - Sending funnel data for SDKTestSuccessful with data: {"event_type":"SDKTestSuccessful","accessKey":null,"userName":null,"event_properties":{"product":"[automate]","buildName":"unknown","os":"Windows 11","languageVersion":"22.0.1","appiumVersion":"null","frameworkDetectionInstrumentation":{},"isPercyAutoEnabled":false,"language":"java","sdkRunId":"74401a29-8f95-4cf7-a9c1-fa5e440d8415","buildIdentifier":"unknown","testhub_uuid":"","detectedAppiumVersion":"null","detectedDependencies":"","productMap":{"app_automate":false,"accessibility":false,"automate":true,"percy":false,"observability":false,"turboscale":false},"referrer":"unknown","hostname":"DESKTOP-QVD64FI","locationTrigger":"onFinish","language_framework":"unknown","productUsage":{"testObservability":{"buildHashedId":"","manuallySet":false,"enabled":false}},"testOrchestration":{"abortBuildOnFailure":{"enabled":false},"retryTestsOnFailure":{"enabled":false},"userConfig":{}},"detectedSeleniumVersion":"4.27.0","browserStackConfig":{"browserstackLocal":null,"percy":false,"logLevel":"info","staticWebDriver":true,"autoDetectFramework":true,"percyCaptureMode":"MANUAL","browserStackLocalOptions":null,"percyOptions":null,"testContextOptions":{"skipSessionName":false,"skipSessionStatus":false,"serenityOverridePlugin":false},"platforms":null,"parallelsPerPlatform":null,"framework":null,"accessibility":false,"accessibilityOptions":{},"turboScaleOptions":{},"disableAutoCaptureLogs":true,"testObservability":true,"browserstackAutomation":true,"turboScale":false,"testObservabilityOptions":{},"gradleMConfig":null,"proxySettings":null},"seleniumVersion":"null","percyBuildId":null}}
12:42:45.117 [main] DEBUG c.b.utils.FunnelInstrumentation - API Event SDKTestSuccessful response - {"message":"Unauthorized"}
12:44:08.268 [main] WARN  c.b.config.BrowserStackConfig - Test Observability could not be enabled because framework detected is null. We currently support frameworks testng, cucumber-testng & serenity
12:45:12.265 [main] DEBUG c.b.utils.FunnelInstrumentation - Error in getting Product java.lang.NullPointerException: Cannot invoke "String.equalsIgnoreCase(String)" because the return value of "com.browserstack.config.BrowserStackConfig.getFramework()" is null
12:45:12.479 [main] DEBUG c.b.utils.FunnelInstrumentation - Unable to parse data from processes. Exception: Unexpected token END OF FILE at position 0.
	at browserstack.shaded.org.json.simple.parser.JSONParser.parse(Unknown Source)
	at browserstack.shaded.org.json.simple.parser.JSONParser.parse(Unknown Source)
	at browserstack.shaded.org.json.simple.parser.JSONParser.parse(Unknown Source)
	at com.browserstack.utils.FunnelInstrumentation.getFormattedDataFromProcesses(Unknown Source)
	at com.browserstack.utils.FunnelInstrumentation.createParamsForEvent(Unknown Source)
	at com.browserstack.utils.FunnelInstrumentation.sendSDKEvent(Unknown Source)
	at com.browserstack.testNgListeners.TmpSuiteListener.onFinish(Unknown Source)
	at org.testng.TestRunner.fireEvent(TestRunner.java:923)
	at org.testng.TestRunner.afterRun(TestRunner.java:887)
	at org.testng.TestRunner.run(TestRunner.java:599)
	at org.testng.SuiteRunner.runTest(SuiteRunner.java:377)
	at org.testng.SuiteRunner.runSequentially(SuiteRunner.java:371)
	at org.testng.SuiteRunner.privateRun(SuiteRunner.java:332)
	at org.testng.SuiteRunner.run(SuiteRunner.java:276)
	at org.testng.SuiteRunnerWorker.runSuite(SuiteRunnerWorker.java:53)
	at org.testng.SuiteRunnerWorker.run(SuiteRunnerWorker.java:96)
	at org.testng.TestNG.runSuitesSequentially(TestNG.java:1212)
	at org.testng.TestNG.runSuitesLocally(TestNG.java:1134)
	at org.testng.TestNG.runSuites(TestNG.java:1063)
	at org.testng.TestNG.run(TestNG.java:1031)
	at org.testng.remote.AbstractRemoteTestNG.run(AbstractRemoteTestNG.java:115)
	at org.testng.remote.RemoteTestNG.initAndRun(RemoteTestNG.java:293)
	at org.testng.remote.RemoteTestNG.main(RemoteTestNG.java:91)

12:45:12.480 [main] DEBUG com.browserstack.testOps.UsageStats - getFormattedData: Collecting data for TestObservability
12:45:12.613 [main] TRACE c.b.t.TestOrchestrationUtils - getInstrumentationData: invoked
12:45:12.646 [main] DEBUG c.b.utils.FunnelInstrumentation - Sending funnel data for SDKTestSuccessful with data: {"event_type":"SDKTestSuccessful","accessKey":null,"userName":null,"event_properties":{"product":"[automate]","buildName":"unknown","os":"Windows 11","languageVersion":"22.0.1","appiumVersion":"null","frameworkDetectionInstrumentation":{},"isPercyAutoEnabled":false,"language":"java","sdkRunId":"6e35f32b-184c-490d-8e5b-929864ae2467","buildIdentifier":"unknown","testhub_uuid":"","detectedAppiumVersion":"null","detectedDependencies":"","productMap":{"app_automate":false,"accessibility":false,"automate":true,"percy":false,"observability":false,"turboscale":false},"referrer":"unknown","hostname":"DESKTOP-QVD64FI","locationTrigger":"onFinish","language_framework":"unknown","productUsage":{"testObservability":{"buildHashedId":"","manuallySet":false,"enabled":false}},"testOrchestration":{"abortBuildOnFailure":{"enabled":false},"retryTestsOnFailure":{"enabled":false},"userConfig":{}},"detectedSeleniumVersion":"4.27.0","browserStackConfig":{"browserstackLocal":null,"percy":false,"logLevel":"info","staticWebDriver":true,"autoDetectFramework":true,"percyCaptureMode":"MANUAL","browserStackLocalOptions":null,"percyOptions":null,"testContextOptions":{"skipSessionName":false,"serenityOverridePlugin":false,"skipSessionStatus":false},"platforms":null,"parallelsPerPlatform":null,"framework":null,"accessibility":false,"accessibilityOptions":{},"turboScaleOptions":{},"disableAutoCaptureLogs":true,"testObservability":true,"browserstackAutomation":true,"turboScale":false,"testObservabilityOptions":{},"gradleMConfig":null,"proxySettings":null},"seleniumVersion":"null","percyBuildId":null}}
12:45:13.650 [main] DEBUG c.b.utils.FunnelInstrumentation - API Event SDKTestSuccessful response - {"message":"Unauthorized"}
12:48:01.244 [main] WARN  c.b.config.BrowserStackConfig - Test Observability could not be enabled because framework detected is null. We currently support frameworks testng, cucumber-testng & serenity
12:49:02.991 [main] DEBUG c.b.utils.FunnelInstrumentation - Error in getting Product java.lang.NullPointerException: Cannot invoke "String.equalsIgnoreCase(String)" because the return value of "com.browserstack.config.BrowserStackConfig.getFramework()" is null
12:49:03.077 [main] DEBUG c.b.utils.FunnelInstrumentation - Unable to parse data from processes. Exception: Unexpected token END OF FILE at position 0.
	at browserstack.shaded.org.json.simple.parser.JSONParser.parse(Unknown Source)
	at browserstack.shaded.org.json.simple.parser.JSONParser.parse(Unknown Source)
	at browserstack.shaded.org.json.simple.parser.JSONParser.parse(Unknown Source)
	at com.browserstack.utils.FunnelInstrumentation.getFormattedDataFromProcesses(Unknown Source)
	at com.browserstack.utils.FunnelInstrumentation.createParamsForEvent(Unknown Source)
	at com.browserstack.utils.FunnelInstrumentation.sendSDKEvent(Unknown Source)
	at com.browserstack.testNgListeners.TmpSuiteListener.onFinish(Unknown Source)
	at org.testng.TestRunner.fireEvent(TestRunner.java:923)
	at org.testng.TestRunner.afterRun(TestRunner.java:887)
	at org.testng.TestRunner.run(TestRunner.java:599)
	at org.testng.SuiteRunner.runTest(SuiteRunner.java:377)
	at org.testng.SuiteRunner.runSequentially(SuiteRunner.java:371)
	at org.testng.SuiteRunner.privateRun(SuiteRunner.java:332)
	at org.testng.SuiteRunner.run(SuiteRunner.java:276)
	at org.testng.SuiteRunnerWorker.runSuite(SuiteRunnerWorker.java:53)
	at org.testng.SuiteRunnerWorker.run(SuiteRunnerWorker.java:96)
	at org.testng.TestNG.runSuitesSequentially(TestNG.java:1212)
	at org.testng.TestNG.runSuitesLocally(TestNG.java:1134)
	at org.testng.TestNG.runSuites(TestNG.java:1063)
	at org.testng.TestNG.run(TestNG.java:1031)
	at org.testng.remote.AbstractRemoteTestNG.run(AbstractRemoteTestNG.java:115)
	at org.testng.remote.RemoteTestNG.initAndRun(RemoteTestNG.java:293)
	at org.testng.remote.RemoteTestNG.main(RemoteTestNG.java:91)

12:49:03.078 [main] DEBUG com.browserstack.testOps.UsageStats - getFormattedData: Collecting data for TestObservability
12:49:03.122 [main] TRACE c.b.t.TestOrchestrationUtils - getInstrumentationData: invoked
12:49:03.130 [main] DEBUG c.b.utils.FunnelInstrumentation - Sending funnel data for SDKTestSuccessful with data: {"event_type":"SDKTestSuccessful","accessKey":null,"userName":null,"event_properties":{"product":"[automate]","buildName":"unknown","os":"Windows 11","languageVersion":"22.0.1","appiumVersion":"null","frameworkDetectionInstrumentation":{},"isPercyAutoEnabled":false,"language":"java","sdkRunId":"ef969776-a572-4c98-b226-a7f26cf6e206","buildIdentifier":"unknown","testhub_uuid":"","detectedAppiumVersion":"null","detectedDependencies":"","productMap":{"app_automate":false,"accessibility":false,"automate":true,"percy":false,"observability":false,"turboscale":false},"referrer":"unknown","hostname":"DESKTOP-QVD64FI","locationTrigger":"onFinish","language_framework":"unknown","productUsage":{"testObservability":{"buildHashedId":"","manuallySet":false,"enabled":false}},"testOrchestration":{"abortBuildOnFailure":{"enabled":false},"retryTestsOnFailure":{"enabled":false},"userConfig":{}},"detectedSeleniumVersion":"4.27.0","browserStackConfig":{"browserstackLocal":null,"percy":false,"logLevel":"info","staticWebDriver":true,"autoDetectFramework":true,"percyCaptureMode":"MANUAL","browserStackLocalOptions":null,"percyOptions":null,"testContextOptions":{"serenityOverridePlugin":false,"skipSessionName":false,"skipSessionStatus":false},"platforms":null,"parallelsPerPlatform":null,"framework":null,"accessibility":false,"accessibilityOptions":{},"turboScaleOptions":{},"disableAutoCaptureLogs":true,"testObservability":true,"browserstackAutomation":true,"turboScale":false,"testObservabilityOptions":{},"gradleMConfig":null,"proxySettings":null},"seleniumVersion":"null","percyBuildId":null}}
12:49:03.918 [main] DEBUG c.b.utils.FunnelInstrumentation - API Event SDKTestSuccessful response - {"message":"Unauthorized"}
12:55:20.938 [main] WARN  c.b.config.BrowserStackConfig - Test Observability could not be enabled because framework detected is null. We currently support frameworks testng, cucumber-testng & serenity
12:56:22.698 [main] DEBUG c.b.utils.FunnelInstrumentation - Error in getting Product java.lang.NullPointerException: Cannot invoke "String.equalsIgnoreCase(String)" because the return value of "com.browserstack.config.BrowserStackConfig.getFramework()" is null
12:56:22.780 [main] DEBUG c.b.utils.FunnelInstrumentation - Unable to parse data from processes. Exception: Unexpected token END OF FILE at position 0.
	at browserstack.shaded.org.json.simple.parser.JSONParser.parse(Unknown Source)
	at browserstack.shaded.org.json.simple.parser.JSONParser.parse(Unknown Source)
	at browserstack.shaded.org.json.simple.parser.JSONParser.parse(Unknown Source)
	at com.browserstack.utils.FunnelInstrumentation.getFormattedDataFromProcesses(Unknown Source)
	at com.browserstack.utils.FunnelInstrumentation.createParamsForEvent(Unknown Source)
	at com.browserstack.utils.FunnelInstrumentation.sendSDKEvent(Unknown Source)
	at com.browserstack.testNgListeners.TmpSuiteListener.onFinish(Unknown Source)
	at org.testng.TestRunner.fireEvent(TestRunner.java:923)
	at org.testng.TestRunner.afterRun(TestRunner.java:887)
	at org.testng.TestRunner.run(TestRunner.java:599)
	at org.testng.SuiteRunner.runTest(SuiteRunner.java:377)
	at org.testng.SuiteRunner.runSequentially(SuiteRunner.java:371)
	at org.testng.SuiteRunner.privateRun(SuiteRunner.java:332)
	at org.testng.SuiteRunner.run(SuiteRunner.java:276)
	at org.testng.SuiteRunnerWorker.runSuite(SuiteRunnerWorker.java:53)
	at org.testng.SuiteRunnerWorker.run(SuiteRunnerWorker.java:96)
	at org.testng.TestNG.runSuitesSequentially(TestNG.java:1212)
	at org.testng.TestNG.runSuitesLocally(TestNG.java:1134)
	at org.testng.TestNG.runSuites(TestNG.java:1063)
	at org.testng.TestNG.run(TestNG.java:1031)
	at org.testng.remote.AbstractRemoteTestNG.run(AbstractRemoteTestNG.java:115)
	at org.testng.remote.RemoteTestNG.initAndRun(RemoteTestNG.java:293)
	at org.testng.remote.RemoteTestNG.main(RemoteTestNG.java:91)

12:56:22.781 [main] DEBUG com.browserstack.testOps.UsageStats - getFormattedData: Collecting data for TestObservability
12:56:22.826 [main] TRACE c.b.t.TestOrchestrationUtils - getInstrumentationData: invoked
12:56:22.837 [main] DEBUG c.b.utils.FunnelInstrumentation - Sending funnel data for SDKTestSuccessful with data: {"event_type":"SDKTestSuccessful","accessKey":null,"userName":null,"event_properties":{"product":"[automate]","buildName":"unknown","os":"Windows 11","languageVersion":"22.0.1","appiumVersion":"null","frameworkDetectionInstrumentation":{},"isPercyAutoEnabled":false,"language":"java","sdkRunId":"27921bf5-c425-4413-a82a-6aaa5207a4a7","buildIdentifier":"unknown","testhub_uuid":"","detectedAppiumVersion":"null","detectedDependencies":"","productMap":{"app_automate":false,"accessibility":false,"automate":true,"percy":false,"observability":false,"turboscale":false},"referrer":"unknown","hostname":"DESKTOP-QVD64FI","locationTrigger":"onFinish","language_framework":"unknown","productUsage":{"testObservability":{"buildHashedId":"","manuallySet":false,"enabled":false}},"testOrchestration":{"abortBuildOnFailure":{"enabled":false},"retryTestsOnFailure":{"enabled":false},"userConfig":{}},"detectedSeleniumVersion":"4.27.0","browserStackConfig":{"browserstackLocal":null,"percy":false,"logLevel":"info","staticWebDriver":true,"autoDetectFramework":true,"percyCaptureMode":"MANUAL","browserStackLocalOptions":null,"percyOptions":null,"testContextOptions":{"skipSessionName":false,"skipSessionStatus":false,"serenityOverridePlugin":false},"platforms":null,"parallelsPerPlatform":null,"framework":null,"accessibility":false,"accessibilityOptions":{},"turboScaleOptions":{},"disableAutoCaptureLogs":true,"testObservability":true,"browserstackAutomation":true,"turboScale":false,"testObservabilityOptions":{},"gradleMConfig":null,"proxySettings":null},"seleniumVersion":"null","percyBuildId":null}}
12:56:23.625 [main] DEBUG c.b.utils.FunnelInstrumentation - API Event SDKTestSuccessful response - {"message":"Unauthorized"}
12:58:26.692 [main] WARN  c.b.config.BrowserStackConfig - Test Observability could not be enabled because framework detected is null. We currently support frameworks testng, cucumber-testng & serenity
12:59:31.877 [main] DEBUG c.b.utils.FunnelInstrumentation - Error in getting Product java.lang.NullPointerException: Cannot invoke "String.equalsIgnoreCase(String)" because the return value of "com.browserstack.config.BrowserStackConfig.getFramework()" is null
12:59:31.978 [main] DEBUG c.b.utils.FunnelInstrumentation - Unable to parse data from processes. Exception: Unexpected token END OF FILE at position 0.
	at browserstack.shaded.org.json.simple.parser.JSONParser.parse(Unknown Source)
	at browserstack.shaded.org.json.simple.parser.JSONParser.parse(Unknown Source)
	at browserstack.shaded.org.json.simple.parser.JSONParser.parse(Unknown Source)
	at com.browserstack.utils.FunnelInstrumentation.getFormattedDataFromProcesses(Unknown Source)
	at com.browserstack.utils.FunnelInstrumentation.createParamsForEvent(Unknown Source)
	at com.browserstack.utils.FunnelInstrumentation.sendSDKEvent(Unknown Source)
	at com.browserstack.testNgListeners.TmpSuiteListener.onFinish(Unknown Source)
	at org.testng.TestRunner.fireEvent(TestRunner.java:923)
	at org.testng.TestRunner.afterRun(TestRunner.java:887)
	at org.testng.TestRunner.run(TestRunner.java:599)
	at org.testng.SuiteRunner.runTest(SuiteRunner.java:377)
	at org.testng.SuiteRunner.runSequentially(SuiteRunner.java:371)
	at org.testng.SuiteRunner.privateRun(SuiteRunner.java:332)
	at org.testng.SuiteRunner.run(SuiteRunner.java:276)
	at org.testng.SuiteRunnerWorker.runSuite(SuiteRunnerWorker.java:53)
	at org.testng.SuiteRunnerWorker.run(SuiteRunnerWorker.java:96)
	at org.testng.TestNG.runSuitesSequentially(TestNG.java:1212)
	at org.testng.TestNG.runSuitesLocally(TestNG.java:1134)
	at org.testng.TestNG.runSuites(TestNG.java:1063)
	at org.testng.TestNG.run(TestNG.java:1031)
	at org.testng.remote.AbstractRemoteTestNG.run(AbstractRemoteTestNG.java:115)
	at org.testng.remote.RemoteTestNG.initAndRun(RemoteTestNG.java:293)
	at org.testng.remote.RemoteTestNG.main(RemoteTestNG.java:91)

12:59:31.978 [main] DEBUG com.browserstack.testOps.UsageStats - getFormattedData: Collecting data for TestObservability
12:59:32.014 [main] TRACE c.b.t.TestOrchestrationUtils - getInstrumentationData: invoked
12:59:32.024 [main] DEBUG c.b.utils.FunnelInstrumentation - Sending funnel data for SDKTestSuccessful with data: {"event_type":"SDKTestSuccessful","accessKey":null,"userName":null,"event_properties":{"product":"[automate]","buildName":"unknown","os":"Windows 11","languageVersion":"22.0.1","appiumVersion":"null","frameworkDetectionInstrumentation":{},"isPercyAutoEnabled":false,"language":"java","sdkRunId":"51cf0e22-481d-4f68-ab83-1c52010ed817","buildIdentifier":"unknown","testhub_uuid":"","detectedAppiumVersion":"null","detectedDependencies":"","productMap":{"app_automate":false,"accessibility":false,"automate":true,"percy":false,"observability":false,"turboscale":false},"referrer":"unknown","hostname":"DESKTOP-QVD64FI","locationTrigger":"onFinish","language_framework":"unknown","productUsage":{"testObservability":{"buildHashedId":"","manuallySet":false,"enabled":false}},"testOrchestration":{"abortBuildOnFailure":{"enabled":false},"retryTestsOnFailure":{"enabled":false},"userConfig":{}},"detectedSeleniumVersion":"4.27.0","browserStackConfig":{"browserstackLocal":null,"percy":false,"logLevel":"info","staticWebDriver":true,"autoDetectFramework":true,"percyCaptureMode":"MANUAL","browserStackLocalOptions":null,"percyOptions":null,"testContextOptions":{"skipSessionName":false,"skipSessionStatus":false,"serenityOverridePlugin":false},"platforms":null,"parallelsPerPlatform":null,"framework":null,"accessibility":false,"accessibilityOptions":{},"turboScaleOptions":{},"disableAutoCaptureLogs":true,"testObservability":true,"browserstackAutomation":true,"turboScale":false,"testObservabilityOptions":{},"gradleMConfig":null,"proxySettings":null},"seleniumVersion":"null","percyBuildId":null}}
12:59:32.894 [main] DEBUG c.b.utils.FunnelInstrumentation - API Event SDKTestSuccessful response - {"message":"Unauthorized"}
13:00:08.464 [main] WARN  c.b.config.BrowserStackConfig - Test Observability could not be enabled because framework detected is null. We currently support frameworks testng, cucumber-testng & serenity
13:16:01.237 [main] DEBUG c.b.utils.FunnelInstrumentation - Error in getting Product java.lang.NullPointerException: Cannot invoke "String.equalsIgnoreCase(String)" because the return value of "com.browserstack.config.BrowserStackConfig.getFramework()" is null
13:16:01.297 [main] DEBUG c.b.utils.FunnelInstrumentation - Unable to parse data from processes. Exception: Unexpected token END OF FILE at position 0.
	at browserstack.shaded.org.json.simple.parser.JSONParser.parse(Unknown Source)
	at browserstack.shaded.org.json.simple.parser.JSONParser.parse(Unknown Source)
	at browserstack.shaded.org.json.simple.parser.JSONParser.parse(Unknown Source)
	at com.browserstack.utils.FunnelInstrumentation.getFormattedDataFromProcesses(Unknown Source)
	at com.browserstack.utils.FunnelInstrumentation.createParamsForEvent(Unknown Source)
	at com.browserstack.utils.FunnelInstrumentation.sendSDKEvent(Unknown Source)
	at com.browserstack.testNgListeners.TmpSuiteListener.onFinish(Unknown Source)
	at org.testng.TestRunner.fireEvent(TestRunner.java:923)
	at org.testng.TestRunner.afterRun(TestRunner.java:887)
	at org.testng.TestRunner.run(TestRunner.java:599)
	at org.testng.SuiteRunner.runTest(SuiteRunner.java:377)
	at org.testng.SuiteRunner.runSequentially(SuiteRunner.java:371)
	at org.testng.SuiteRunner.privateRun(SuiteRunner.java:332)
	at org.testng.SuiteRunner.run(SuiteRunner.java:276)
	at org.testng.SuiteRunnerWorker.runSuite(SuiteRunnerWorker.java:53)
	at org.testng.SuiteRunnerWorker.run(SuiteRunnerWorker.java:96)
	at org.testng.TestNG.runSuitesSequentially(TestNG.java:1212)
	at org.testng.TestNG.runSuitesLocally(TestNG.java:1134)
	at org.testng.TestNG.runSuites(TestNG.java:1063)
	at org.testng.TestNG.run(TestNG.java:1031)
	at org.testng.remote.AbstractRemoteTestNG.run(AbstractRemoteTestNG.java:115)
	at org.testng.remote.RemoteTestNG.initAndRun(RemoteTestNG.java:293)
	at org.testng.remote.RemoteTestNG.main(RemoteTestNG.java:91)

13:16:01.297 [main] DEBUG com.browserstack.testOps.UsageStats - getFormattedData: Collecting data for TestObservability
13:16:01.349 [main] TRACE c.b.t.TestOrchestrationUtils - getInstrumentationData: invoked
13:16:01.359 [main] DEBUG c.b.utils.FunnelInstrumentation - Sending funnel data for SDKTestSuccessful with data: {"event_type":"SDKTestSuccessful","accessKey":null,"userName":null,"event_properties":{"product":"[automate]","buildName":"unknown","os":"Windows 11","languageVersion":"22.0.1","appiumVersion":"null","frameworkDetectionInstrumentation":{},"isPercyAutoEnabled":false,"language":"java","sdkRunId":"e63973aa-1e5c-43a7-a66b-e86c0dc52f60","buildIdentifier":"unknown","testhub_uuid":"","detectedAppiumVersion":"null","detectedDependencies":"","productMap":{"app_automate":false,"accessibility":false,"automate":true,"percy":false,"observability":false,"turboscale":false},"referrer":"unknown","hostname":"DESKTOP-QVD64FI","locationTrigger":"onFinish","language_framework":"unknown","productUsage":{"testObservability":{"buildHashedId":"","manuallySet":false,"enabled":false}},"testOrchestration":{"abortBuildOnFailure":{"enabled":false},"retryTestsOnFailure":{"enabled":false},"userConfig":{}},"detectedSeleniumVersion":"4.27.0","browserStackConfig":{"browserstackLocal":null,"percy":false,"logLevel":"info","staticWebDriver":true,"autoDetectFramework":true,"percyCaptureMode":"MANUAL","browserStackLocalOptions":null,"percyOptions":null,"testContextOptions":{"skipSessionName":false,"serenityOverridePlugin":false,"skipSessionStatus":false},"platforms":null,"parallelsPerPlatform":null,"framework":null,"accessibility":false,"accessibilityOptions":{},"turboScaleOptions":{},"disableAutoCaptureLogs":true,"testObservability":true,"browserstackAutomation":true,"turboScale":false,"testObservabilityOptions":{},"gradleMConfig":null,"proxySettings":null},"seleniumVersion":"null","percyBuildId":null}}
13:16:01.949 [main] DEBUG c.b.utils.FunnelInstrumentation - API Event SDKTestSuccessful response - {"message":"Unauthorized"}
